Date,IVV US Equity  (L2),IEUR US Equity  (L1),MCHI US Equity  (R2),NAFTRAC MM Equity  (R1)
3/25/2022,454.64,53.13,53.09,55.47
3/24/2022,452.36,53.06,54.18,55.87
3/23/2022,447.39,52.76,54.69,55.23
3/22/2022,453.07,53.7,55.04,55.85
3/21/2022,447.61,53.03,53,
3/18/2022,447.7,53.57,55.06,55.5
3/17/2022,442.96,53.09,52.64,54.51
3/16/2022,437.52,52.76,54.7,53.52
3/15/2022,428.04,50.77,45.23,53.08
3/14/2022,418.82,50.44,45.57,52.87
3/11/2022,422.01,49.51,49.1,53.35
3/10/2022,427.34,49.97,51.38,53.46
3/9/2022,429.31,50.93,53.74,53.97
3/8/2022,418.06,48.41,52.71,53.33
3/7/2022,421.2,47.29,53.36,52.37
3/4/2022,433.95,48.93,55.47,53.4
3/3/2022,437.69,51.09,56.63,53.59
3/2/2022,439.8,52.47,58.16,53.4
3/1/2022,431.92,51.77,58.59,53.12
2/28/2022,438.72,53.2,58.61,53.39
2/25/2022,439.61,54.43,59.27,52.53
2/24/2022,430.14,52.88,58.96,51.45
2/23/2022,423.48,53.89,59.27,51.32
2/22/2022,431.34,54.33,59.92,52.6
2/21/2022,,,,52
2/18/2022,436.07,55.18,61.57,52.3
2/17/2022,439.1,55.54,62.76,52.7
2/16/2022,448.51,56.52,63.25,53.65
2/15/2022,448,56.28,63.16,53.2
2/14/2022,440.91,55.06,61.74,52.28
2/11/2022,442.35,55.63,62.22,53.19
2/10/2022,451.38,56.69,63.5,52.59
2/9/2022,459.5,57.37,64.04,52.74
2/8/2022,452.82,56.42,62.66,52.25
2/7/2022,449.25,56.26,61.97,
2/4/2022,450.85,56.18,62.4,51.21
2/3/2022,448.6,56.36,62.03,51.17
2/2/2022,459.26,57.16,62.45,52.01
2/1/2022,454.89,56.82,62.99,51.82
1/31/2022,451.77,56.14,62.6,51.36
1/28/2022,443.75,55.29,59.81,50.72
1/27/2022,433.16,55.11,59.95,50.44
1/26/2022,435.43,55.19,61.18,51.14
1/25/2022,436.44,55.08,62.34,51.23
1/24/2022,441.52,55.43,62.61,51.03
1/21/2022,439.98,56.27,63.52,51.72
1/20/2022,448.72,57.15,64.83,52.61
1/19/2022,453.76,57.54,63.19,52.98
1/18/2022,458.5,57.4,62.88,53.32
1/17/2022,,,,54
1/14/2022,466.75,58.26,63.68,53.83
1/13/2022,466.59,58.43,63.2,54.01
1/12/2022,473.08,58.78,65.18,54.05
1/11/2022,471.83,58.28,63.8,53.17
1/10/2022,467.22,57.64,62.13,52.91
1/7/2022,468.1,58.39,61.99,53.28
1/6/2022,469.98,58.08,61.02,53.18
1/5/2022,470.33,58.32,60.2,53.14
1/4/2022,479.68,58.81,61.59,53.1
1/3/2022,479.84,58.68,62.76,53.07
12/31/2021,476.99,58.16,62.77,53.35
12/30/2021,478.18,58.2,63.15,53.25
12/29/2021,479.53,58.51,60.96,52.86
12/28/2021,479.03,58.41,61.88,53.65
12/27/2021,479.4,58.33,62.52,53.66
12/24/2021,,,,53.2
12/23/2021,472.63,57.68,62.73,52.98
12/22/2021,469.75,57.35,62.32,52.72
12/21/2021,465.06,56.6,62.54,52.43
12/20/2021,456.92,55.88,60.7,51.97
12/17/2021,462.11,55.88,62.09,52.68
12/16/2021,466.74,56.67,62.83,51.72
12/15/2021,471.06,56.56,62.66,51.54
12/14/2021,463.77,55.84,64.17,51.63
12/13/2021,467.07,56.26,64.35,50.77
12/10/2021,472.74,57.56,65.9,51.5
12/9/2021,468.25,57.37,65.9,51.48
12/8/2021,471.43,57.91,65.94,51.39
12/7/2021,470.19,57.78,65.34,51.25
12/6/2021,460.62,56.65,64.12,50.89
12/3/2021,455.14,56.07,63.09,50.93
12/2/2021,459.26,56.46,64.95,51.23
12/1/2021,452.29,55.82,64.75,50.29
11/30/2021,457.63,56.12,65.21,50
11/29/2021,466.5,56.52,65.57,50.08
11/26/2021,460.62,56.19,65.98,49.72
11/25/2021,,,,50.85
11/24/2021,471.28,57.54,67.74,51.14
11/23/2021,470.06,57.9,67.49,51.36
11/22/2021,469.41,58.1,67.95,50.74
11/19/2021,470.82,58.6,68.68,51.02
11/18/2021,471.59,59.37,68.32,51.02
11/17/2021,470.04,59.32,70.27,51.24
11/16/2021,471.15,59.22,70.99,51.31
11/15/2021,469.28,59.39,70.14,
11/12/2021,469.16,59.55,70.66,51.62
11/11/2021,465.73,59.41,70.65,51.88
11/10/2021,465.54,59.19,68.42,51.86
11/9/2021,469.25,59.86,67.76,52.25
11/8/2021,470.89,59.83,68.32,52.43
11/5/2021,470.4,59.77,67.65,52.12
11/4/2021,468.75,59.69,68.77,52.08
11/3/2021,466.61,59.84,69,52
11/2/2021,463.76,59.3,68.33,
11/1/2021,461.94,59.44,70.32,51.74
10/29/2021,460.99,58.88,69.24,51.39
10/28/2021,460.12,59.28,70.4,51.31
10/27/2021,455.74,58.67,70.35,51.76
10/26/2021,457.78,58.86,71.12,52.27
10/25/2021,457.26,58.59,72.72,51.88
10/22/2021,454.88,58.84,72.48,51.93
10/21/2021,455.43,58.53,72.47,52.06
10/20/2021,454.25,58.51,72.61,52.36
10/19/2021,452.51,58.29,72.55,52.47
10/18/2021,448.98,57.97,70.74,52.71
10/15/2021,447.68,58.21,70.43,52.9
10/14/2021,444.27,57.74,69.68,52.16
10/13/2021,436.79,57.15,70.21,51.88
10/12/2021,435.24,56.31,68.6,51.91
10/11/2021,436.34,56.1,69.03,51.69
10/8/2021,439.62,56.48,69.17,51.22
10/7/2021,440.27,56.42,68.64,50.97
10/6/2021,436.65,56,65.95,51.05
10/5/2021,434.8,56.39,66.16,51.12
10/4/2021,430.29,56.1,65.45,50.89
10/1/2021,435.95,56.42,66.87,51.08
9/30/2021,430.82,56.06,67.53,51.41
9/29/2021,436.22,56.26,66.61,51.16
9/28/2021,435.47,56.42,67.37,50.93
9/27/2021,444.34,57.8,67.55,51.72
9/24/2021,445.74,57.96,66.61,51.23
9/23/2021,446.58,58.64,68,51.55
9/22/2021,441.29,57.92,68.16,51.42
9/21/2021,436.98,57.39,66.84,50.89
9/20/2021,437.23,56.76,66.16,50.67
9/17/2021,444.73,57.94,68.91,51.43
9/16/2021,449.06,58.8,68.16,
9/15/2021,449.9,58.83,69.35,52.3
9/14/2021,446.19,58.82,70.11,51.89
9/13/2021,448.58,58.98,71.61,51.6
9/10/2021,447.54,58.65,71.89,51.61
9/9/2021,450.98,58.78,72.15,51.45
9/8/2021,453,58.98,72.8,51.52
9/7/2021,453.6,59.61,73.94,52.05
9/6/2021,,,,52.28
9/3/2021,455.07,59.78,72.04,51.92
9/2/2021,455.27,60.04,72.09,52.18
9/1/2021,453.91,59.69,72.6,52.3
8/31/2021,453.71,59.3,70.79,53.35
8/30/2021,454.2,59.46,69.24,52.66
8/27/2021,452.19,59.43,68.98,52.47
8/26/2021,448.25,58.8,68.91,52.33
8/25/2021,450.91,59.13,69.99,52.35
8/24/2021,449.97,59.02,70.52,51.98
8/23/2021,449.19,58.96,67.57,52.04
8/20/2021,445.31,58.47,66.13,51.37
8/19/2021,441.79,58.22,66.55,51.08
8/18/2021,441.14,58.85,68.3,51.98
8/17/2021,445.95,59.03,67.84,51.56
8/16/2021,449,59.55,69.84,51.36
8/13/2021,447.85,59.8,71.2,51.45
8/12/2021,446.72,59.41,71.58,51.06
8/11/2021,445.68,59.4,72.75,51.29
8/10/2021,444.63,58.93,72.58,51.11
8/9/2021,444.11,58.86,71.94,50.91
8/6/2021,444.42,58.92,70.68,51.1
8/5/2021,443.65,59.18,71.56,51.11
8/4/2021,440.91,58.89,72.4,51.18
8/3/2021,443.02,58.94,71.37,51.65
8/2/2021,439.51,58.52,72.22,50.86
7/30/2021,440.4,58.27,71.27,50.9
7/29/2021,442.64,58.51,71.72,51.63
7/28/2021,440.68,58.08,71.98,51.33
7/27/2021,440.92,57.79,67.79,50.97
7/26/2021,442.94,57.98,70.63,50.97
7/23/2021,441.76,57.71,74.84,50.39
7/22/2021,437.45,57.2,77.53,50.32
7/21/2021,436.5,57.15,77.54,50.15
7/20/2021,432.99,56.05,76.84,49.36
7/19/2021,426.8,55.75,76.97,49.21
7/16/2021,433.27,56.92,78.01,50.24
7/15/2021,436.57,57.32,78.95,50.4
7/14/2021,438.07,57.86,78.23,49.42
7/13/2021,437.49,57.82,78.33,49.3
7/12/2021,439.03,58.14,77.47,49.78
7/9/2021,437.41,57.83,77.73,49.76
7/8/2021,432.81,57,75.75,49.6
7/7/2021,436.31,57.72,78.01,50.02
7/6/2021,434.53,57.41,78.33,50.04
7/5/2021,,,,50.51
7/2/2021,435.64,57.76,80.57,50.23
7/1/2021,432.35,57.59,81.77,50.39
6/30/2021,429.92,57.28,82.44,50.28
6/29/2021,429.54,57.77,83.32,50.35
6/28/2021,429.35,57.7,83.51,50.33
6/25/2021,428.44,58.14,83.02,50.66
6/24/2021,426.87,58.06,81.64,50.63
6/23/2021,424.41,57.5,80.72,50.26
6/22/2021,424.66,57.89,79.69,50.22
6/21/2021,422.65,57.86,80.27,50.4
6/18/2021,416.77,57.04,80.32,50.41
6/17/2021,422.45,58.19,80.43,50.3
6/16/2021,422.58,58.7,79.18,50.68
6/15/2021,424.93,59.28,80.43,50.96
6/14/2021,425.76,59.26,81.65,51.11
6/11/2021,424.74,59.13,81.48,51.34
6/10/2021,424.04,58.94,81.76,50.95
6/9/2021,423.22,59.76,81.36,50.92
6/8/2021,423.9,59.82,81.48,50.96
6/7/2021,423.88,59.81,81.96,51.49
6/4/2021,424.24,59.52,82.7,50.57
6/3/2021,420.41,59.08,82.01,50.67
6/2/2021,422.02,59.47,83.66,50.82
6/1/2021,421.32,59.43,84.08,50.83
5/31/2021,,,,50.94
5/28/2021,421.65,59.01,81.84,50.13
5/27/2021,420.85,58.83,82.17,49.72
5/26/2021,420.63,58.68,81.82,49.5
5/25/2021,419.86,58.88,81.29,49.18
5/24/2021,420.77,58.78,79.6,49.7
5/21/2021,416.58,58.45,79.38,49.99
5/20/2021,416.82,58.36,80.57,50.18
5/19/2021,412.46,57.52,79.95,49.63
5/18/2021,413.58,58.15,79.9,50.07
5/17/2021,417.17,58.08,79.1,49.61
5/14/2021,418.17,58.15,78.24,49.45
5/13/2021,411.81,57.06,76.69,49.09
5/12/2021,406.98,56.59,78,48.98
5/11/2021,415.87,57.2,78.95,49.84
5/10/2021,419.61,57.88,78.35,50.06
5/7/2021,423.73,58.34,80.77,49.47
5/6/2021,420.68,57.49,80.85,49.14
5/5/2021,417.29,57.08,80.76,48.62
5/4/2021,417.23,56.33,80.79,48.51
5/3/2021,419.78,57.3,81.77,48.62
4/30/2021,418.88,56.57,81.98,48.17
4/29/2021,421.61,57.36,83.3,48.89
4/28/2021,418.96,57.29,83.74,48.48
4/27/2021,419.12,57.11,83.24,48.83
4/26/2021,419.25,57.15,82.88,48.96
4/23/2021,418.31,57,83.79,49.1
4/22/2021,413.97,56.42,82.52,49.09
4/21/2021,417.68,56.6,82.13,48.9
4/20/2021,413.81,56.08,81.48,48.53
4/19/2021,416.84,57.04,82.16,48.07
4/16/2021,418.89,57.1,82.19,48.72
4/15/2021,417.42,56.44,81.8,48.52
4/14/2021,412.98,55.97,81.52,48.32
4/13/2021,414.36,55.96,81.66,47.52
4/12/2021,413.15,55.63,81.5,47.38
4/9/2021,412.98,55.91,81.38,47.65
4/8/2021,410.01,55.75,82.61,48.16
4/7/2021,408.11,55.36,81.54,47.9
4/6/2021,407.6,55.25,83.95,48
4/5/2021,407.85,55.74,83.1,48.2
4/1/2021,402.08,54.85,82.92,
3/31/2021,397.82,53.97,81.7,47.22
3/30/2021,396.27,54.03,81.54,47.85
3/29/2021,397.25,53.96,80.77,47.69
3/26/2021,397.45,54.16,81.35,47.37
3/25/2021,391.12,53.49,79.33,47.03
3/24/2021,390.21,53.2,79.34,46.73
3/23/2021,392.22,53.34,82.92,46.66
3/22/2021,395.3,54.07,84.6,47.22
3/19/2021,392.2,53.86,84.9,47.07
3/18/2021,392.93,53.79,84.29,47.6
3/17/2021,398.75,54.42,85.1,47.69
3/16/2021,397.45,54.18,84.87,48.21
3/15/2021,398.01,54.23,84.36,
3/12/2021,395.61,54.36,84.55,47.77
3/11/2021,394.99,54.32,86.94,47.62
3/10/2021,390.97,53.83,83.12,47.58
3/9/2021,388.59,53.48,84.6,47.13
3/8/2021,383.19,52.67,81.28,47.12
3/5/2021,385.07,52.57,85.19,46.34
3/4/2021,378.1,52.33,84.8,46.03
3/3/2021,382.84,52.93,87.5,46.38
3/2/2021,388.02,53.24,87.92,45.71
3/1/2021,391.03,53.07,89.81,44.8
2/26/2021,381.77,52.23,87.11,44.59
2/25/2021,383.78,52.74,88.1,44.33
2/24/2021,393.21,53.66,90.09,45.21
2/23/2021,388.94,53.19,91.93,45.24
2/22/2021,388.53,53.21,91.73,44.94
2/19/2021,391.51,53.32,95.65,44.84
2/18/2021,392.25,53.16,94.9,44.47
2/17/2021,393.92,53.39,97.19,45.02
2/16/2021,393.87,53.9,96.56,44.68
2/15/2021,,,,44.39
2/12/2021,394.18,53.4,96.38,44.16
2/11/2021,392.22,53.04,96.51,44.03
2/10/2021,391.56,52.7,95.05,44.69
2/9/2021,391.72,52.9,94.28,45
2/8/2021,392.05,52.64,92.52,44.17
2/5/2021,389.12,52.47,92.4,44.13
2/4/2021,387.6,52.14,91.83,44.17
2/3/2021,383.26,52.07,91.8,43.95
2/2/2021,382.96,52.04,90.99,43.85
2/1/2021,377.6,51.46,90.09,
1/29/2021,371.52,50.79,87.52,42.94
1/28/2021,379.05,51.87,89.1,44.28
1/27/2021,375.87,51.38,89.12,44.24
1/26/2021,385.27,52.67,92.05,45.03
1/25/2021,385.84,52.44,92.91,45.11
1/22/2021,384.31,52.8,91.06,44.66
1/21/2021,385.62,53.12,91.1,44.83
1/20/2021,385.28,52.95,91.4,45.15
1/19/2021,380.05,52.59,88.72,45.47
1/18/2021,,,,46.35
1/15/2021,377.1,52.18,85.65,45.86
1/14/2021,379.84,53.04,85.83,46.06
1/13/2021,381.16,52.67,85.31,45.74
1/12/2021,380.2,52.87,84.6,45.94
1/11/2021,380.14,52.66,83.63,46.37
1/8/2021,382.64,53.41,85.45,46.69
1/7/2021,380.47,53.16,82.75,46.22
1/6/2021,374.92,53.04,82.12,45.55
1/5/2021,372.67,52.38,83.85,44.86
1/4/2021,370.22,51.9,81.24,44.69
12/31/2020,375.39,51.28,80.97,44.15
12/30/2020,373.3,51.87,80.92,44.69
12/29/2020,372.81,51.91,79.16,44.69
12/28/2020,373.53,51.58,77.4,44.08
12/24/2020,370.31,51.23,77.62,43.58
12/23/2020,368.88,51.09,79.8,43.8
12/22/2020,368.56,50.39,79.34,42.78
12/21/2020,369.27,50.51,79.96,43.44
12/18/2020,370.49,51.22,80.34,44.03
12/17/2020,371.96,51.46,80.39,44.46
12/16/2020,369.9,51.07,79.51,43.98
12/15/2020,369.31,50.81,78.87,43.7
12/14/2020,364.35,50.13,78.53,43.71
12/11/2020,367.62,50.6,79.6,43.69
12/10/2020,368.08,50.93,80.35,43.56
12/9/2020,368.28,50.98,79.24,42.85
12/8/2020,371.53,51,80.58,43.22
12/7/2020,370.5,50.84,80.33,43.34
12/4/2020,371.19,51.17,80.74,43.73
12/3/2020,368.03,50.72,80.7,44.01
12/2/2020,368.1,50.56,79.96,43.78
12/1/2020,367.32,50.53,80.44,42.93
11/30/2020,363.32,49.35,79.81,41.86
11/27/2020,364.98,50.07,82.43,41.81
11/26/2020,,,,42.6
11/25/2020,363.99,49.9,81.24,42.43
11/24/2020,364.51,49.9,82.05,42.89
11/23/2020,358.77,49.16,81.13,42.45
11/20/2020,356.63,49.18,81.5,42.02
11/19/2020,359.04,49.2,80.28,41.98
11/18/2020,357.59,48.89,79.87,42.33
11/17/2020,361.95,49.14,80.32,42.04
11/16/2020,363.8,49.12,80.66,
11/13/2020,359.34,48.61,80.46,40.9
11/12/2020,354.52,47.91,79.74,40.42
11/11/2020,357.93,48.55,79.68,40.96
11/10/2020,355.37,48.13,79.34,40.46
11/9/2020,355.83,47.42,82.05,39.72
11/6/2020,351.44,46.1,82.81,38.61
11/5/2020,351.47,45.97,82.36,38.5
11/4/2020,344.73,44.94,81.44,37.51
11/3/2020,337.28,44.21,78,37.5
11/2/2020,331.36,43.02,79,
10/30/2020,327.62,42.4,77.72,36.96
10/29/2020,331.15,42.52,79.09,36.79
10/28/2020,327.88,42.41,77.55,37.39
10/27/2020,339.43,44.04,79.11,38.03
10/26/2020,340.59,44.63,77.84,38.22
10/23/2020,346.96,45.68,78.53,38.72
10/22/2020,345.86,45.28,78.22,38.66
10/21/2020,343.9,45.26,78.46,38.65
10/20/2020,344.57,45.75,78.27,38.21
10/19/2020,343.22,45.4,77.34,37.69
10/16/2020,348.45,45.6,77.81,37.88
10/15/2020,348.76,45.31,76.94,38.1
10/14/2020,349.19,45.95,77.6,38.03
10/13/2020,351.39,46.06,78.36,38.14
10/12/2020,353.69,46.79,78.31,38.36
10/9/2020,348.01,46.48,76.77,38.3
10/8/2020,344.98,46.02,76.36,38.41
10/7/2020,341.9,45.58,75.88,37.44
10/6/2020,336.06,45.21,75.04,36.94
10/5/2020,340.9,45.86,74.39,36.75
10/2/2020,335.05,45.04,73.99,36.66
10/1/2020,338.24,45.05,74.85,36.62
9/30/2020,336.06,44.71,74.17,37.42
9/29/2020,333.51,44.87,72.4,37.16
9/28/2020,335.36,44.88,72.49,37.24
9/25/2020,329.88,44.13,71.6,36.6
9/24/2020,324.6,43.94,71.89,36.23
9/23/2020,323.75,43.98,72.47,35.9
9/22/2020,332.97,44.6,73.24,35.86
9/21/2020,329.63,44.73,73.71,35.5
9/18/2020,333.34,46.16,73.99,36.02
9/17/2020,337.29,46.51,74.08,36.16
9/16/2020,340.21,46.41,74.56,
9/15/2020,341.57,46.42,74.82,36.71
9/14/2020,339.84,46.12,73.8,36.87
9/11/2020,335.38,45.91,72.73,36.36
9/10/2020,335.22,45.5,71.91,36.18
9/9/2020,341.18,46.18,73.32,36.18
9/8/2020,334.63,45.09,72.64,36.06
9/7/2020,,,,36.61
9/4/2020,343.98,45.75,74.81,36.5
9/3/2020,346.82,45.65,75.03,36.46
9/2/2020,359.24,46.81,77.19,37.07
9/1/2020,354.06,46.09,77.34,37.54
8/31/2020,350.77,46.23,75.65,36.89
8/28/2020,352,46.54,77.25,37.83
8/27/2020,349.76,46.19,76.29,37.65
8/26/2020,349,46.77,76.82,37.83
8/25/2020,345.49,46.34,76.54,38.34
8/24/2020,344.35,46.27,75.36,38.06
8/21/2020,340.85,45.63,74.25,38.09
8/20/2020,339.66,45.96,73.45,38.72
8/19/2020,338.62,46.03,73.23,39.01
8/18/2020,340,46.32,74.01,39.1
8/17/2020,339.28,46.33,73.78,39.25
8/14/2020,338.19,45.92,72.28,38.92
8/13/2020,338.22,46.39,72.32,38.56
8/12/2020,338.8,46.62,72.86,38.57
8/11/2020,334.14,45.6,71.81,38.65
8/10/2020,336.96,45.44,71.9,38.23
8/7/2020,335.95,45.43,72.34,37.99
8/6/2020,335.71,45.57,74.78,37.95
8/5/2020,333.45,45.51,74.61,37.85
8/4/2020,331.3,45.27,74.01,37.45
8/3/2020,330.11,45.11,72.94,37.53
7/31/2020,327.82,44.22,71.51,37.02
7/30/2020,325.26,45.18,71.66,37.1
7/29/2020,326.38,45.82,72.09,37.68
7/28/2020,322.5,45.23,70.76,37.85
7/27/2020,324.5,45.45,71.02,37.84
7/24/2020,322.13,44.92,70.94,37.44
7/23/2020,324.2,45.3,71.93,37.52
7/22/2020,328.17,45.73,72.13,37.52
7/21/2020,326.25,45.43,73.25,36.94
7/20/2020,325.66,45.33,72.69,36.38
7/17/2020,322.99,45,71.15,36.39
7/16/2020,322.04,44.67,70.76,36.54
7/15/2020,323.16,44.81,72.99,36.62
7/14/2020,320.17,44.26,72.88,36.21
7/13/2020,316.07,43.56,73.52,36.38
7/10/2020,318.9,43.83,74.37,36.48
7/9/2020,315.72,43.37,75.05,36.78
7/8/2020,317.33,44,74.87,37.49
7/7/2020,314.98,43.47,71.78,37.85
7/6/2020,318.26,44.18,73.2,37.89
7/3/2020,,,,37.86
7/2/2020,313.45,43.39,68.24,37.87
7/1/2020,311.81,43.04,66.03,37.61
6/30/2020,309.69,42.76,65.45,37.71
6/29/2020,305.66,42.68,65.57,37.76
6/26/2020,301.14,42.3,65.59,37.4
6/25/2020,308.5,42.95,66.06,37.76
6/24/2020,305.3,42.37,66.3,37.91
6/23/2020,313.21,43.52,66.92,38.22
6/22/2020,311.94,43.19,65.97,38.12
6/19/2020,309.72,42.71,65.08,38.39
6/18/2020,311.62,42.89,65.16,37.61
6/17/2020,311.38,43.19,64.79,37.91
6/16/2020,312.79,43.11,64.25,37.85
6/15/2020,306.89,42.63,63.45,37.38
6/12/2020,305.36,42.83,63.77,37.65
6/11/2020,301.59,42.05,62.81,36.79
6/10/2020,320.11,44.73,65.28,38.24
6/9/2020,322.01,44.86,64.44,39.16
6/8/2020,324.4,45.65,64.52,39.89
6/5/2020,320.48,45.11,64.7,38.93
6/4/2020,312.34,44.33,63.61,37.85
6/3/2020,313.39,44.41,64.33,38.29
6/2/2020,309.23,43.16,63.43,37.4
6/1/2020,306.68,42.7,62.07,36.99
5/29/2020,305.18,41.76,61,36.13
5/28/2020,303.95,41.74,59.24,36.48
5/27/2020,304.55,41.34,59.68,36.86
5/26/2020,300.17,40.78,60.17,36.27
5/25/2020,,,,35.91
5/22/2020,296.41,39.75,59.08,35.74
5/21/2020,295.81,39.77,61.35,35.56
5/20/2020,297.99,40.09,62.89,36.05
5/19/2020,292.99,39.23,62.48,35.81
5/18/2020,296.04,39.78,62.7,37.14
5/15/2020,287.16,38.05,60.31,35.7
5/14/2020,285.92,37.99,60.83,36.09
5/13/2020,282.54,38.33,61,36.38
5/12/2020,287.47,38.89,60.76,37.42
5/11/2020,293.45,39.36,61.23,37.63
5/8/2020,293.46,39.57,61.05,37.63
5/7/2020,288.63,38.82,59.63,36.77
5/6/2020,285.25,38.19,59.14,36.95
5/5/2020,287.14,38.5,58.71,36.57
5/4/2020,284.63,38.53,57.9,36.28
5/1/2020,283.53,38.6,57.69,
4/30/2020,291.16,39.46,59.98,36.46
4/29/2020,294.13,40.17,61.34,36.8
4/28/2020,286.64,39.01,60.32,35.78
4/27/2020,288.19,38.78,60.51,35
4/24/2020,283.9,38.23,59.66,34.7
4/23/2020,279.98,37.76,59.51,34.31
4/22/2020,280.06,37.96,59.95,34.25
4/21/2020,273.86,37.48,58.66,33.93
4/20/2020,282.46,38.24,60.08,34.54
4/17/2020,287.58,38.73,60.17,34.8
4/16/2020,280.05,37.52,59.7,33.85
4/15/2020,278.57,37.41,59.04,33.92
4/14/2020,284.83,38.96,59.74,34.81
4/13/2020,276.44,38.35,58.49,34.64
4/9/2020,279.12,38.85,58.39,
4/8/2020,275,37.89,58.47,34.63
4/7/2020,265.91,37.35,58.42,34.58
4/6/2020,265.8,37.13,58.41,34.46
4/3/2020,249.02,35.33,56.2,33.12
4/2/2020,252.59,36.06,56.87,33.63
4/1/2020,246.8,35.42,55.21,33.76
3/31/2020,258.4,37.08,57.25,34.65
3/30/2020,262.36,36.96,57.12,34.24
3/27/2020,254.24,36.43,55.86,33.78
3/26/2020,262.37,37.65,58.8,35.71
3/25/2020,247.47,35.88,57.01,35.58
3/24/2020,245.88,34.63,55.91,34.46
3/23/2020,224.65,31.74,52.78,33
3/20/2020,231.16,31.95,52.6,34.29
3/19/2020,242.06,32.37,52.74,35.19
3/18/2020,241.17,31.78,52.36,35.47
3/17/2020,255.39,33.9,55.18,36.9
3/16/2020,240.12,32.9,52.57,
3/13/2020,271.55,37.24,58.26,38.1
3/12/2020,248.96,34.95,55.34,37.01
3/11/2020,275.47,39.49,59.84,38.69
3/10/2020,289.55,41.93,61.96,39.56
3/9/2020,274.8,40.46,59.67,38.76
3/6/2020,298.7,44.31,62.11,41.37
3/5/2020,303.76,44.96,63.48,42.31
3/4/2020,314.75,46.47,63.62,43.34
3/3/2020,301.5,44.92,62.61,42.42
3/2/2020,310.4,45.35,62.96,42.11
2/28/2020,295.91,44.45,62.13,41.29
2/27/2020,298.71,44.77,61.81,41.56
2/26/2020,312.91,46.26,62.55,42.72
2/25/2020,314.12,46.19,61.8,43.02
2/24/2020,323.83,47.22,62.16,43.8
2/21/2020,335.01,49.34,64.31,44.76
2/20/2020,338.49,49.52,64.56,44.72
2/19/2020,339.88,49.75,65.3,44.83
2/18/2020,338.26,49.49,64.82,44.91
2/17/2020,,,,44.92
2/14/2020,339.07,49.72,64.82,44.92
2/13/2020,338.58,49.72,64.88,44.93
2/12/2020,339,50,65.78,45.32
2/11/2020,336.84,49.75,64.53,45
2/10/2020,336.22,49.37,63.64,44.26
2/7/2020,333.75,49.18,62.95,44.34
2/6/2020,335.57,49.69,63.61,44.44
2/5/2020,334.29,49.63,63.3,44.74
2/4/2020,330.61,49.05,63.31,45
2/3/2020,325.56,48.25,60.97,
1/31/2020,323.24,48.34,60.11,44.09
1/30/2020,329.09,49.08,61.26,44.83
1/29/2020,328.1,49.06,62.21,45.08
1/28/2020,328.33,48.97,61.61,44.69
1/27/2020,324.87,48.56,61,44.11
1/24/2020,330.23,49.58,63.4,45.1
1/23/2020,333.26,49.75,64.5,45.43
1/22/2020,332.85,49.84,65.35,45.55
1/21/2020,332.78,49.88,65,45.6
1/20/2020,,,,45.87
1/17/2020,333.5,50.24,67.44,45.75
1/16/2020,332.4,49.99,67.15,45.27
1/15/2020,329.66,49.77,66.74,44.43
1/14/2020,328.92,49.72,67.01,44.72
1/13/2020,329.43,49.68,67.78,44.81
1/10/2020,327.14,49.48,66.49,44.56
1/9/2020,328.05,49.71,66.06,44.51
1/8/2020,325.85,49.65,65.35,44.42
1/7/2020,324.2,49.56,65.16,44.13
1/6/2020,325.09,49.76,64.88,44.44
1/3/2020,323.81,49.67,64.99,44.56
1/2/2020,326.32,50.24,66.23,44.37
12/31/2019,323.24,49.87,64.09,43.51
12/30/2019,322.51,49.54,64,43.6
12/27/2019,324.26,49.95,64.27,44.26
12/26/2019,324.32,49.68,64.19,44.41
12/24/2019,322.65,49.48,63.62,44.27
12/23/2019,322.61,49.43,63.58,44.32
12/20/2019,322.38,49.35,63.535,44.6
12/19/2019,320.74,49.25,63.25,44.73
12/18/2019,319.37,49.19,63.41,45.13
12/17/2019,319.35,49.25,63.13,44.45
12/16/2019,319.32,49.65,62.43,44.4
12/13/2019,319.08,49.4,62.11,44.28
12/12/2019,318.97,48.88,62.34,
12/11/2019,316.17,48.51,61.33,43.25
12/10/2019,315.37,48.23,60.33,42.71
12/9/2019,315.7,48.25,59.98,42.02
12/6/2019,316.64,48.44,60.5,42.02
12/5/2019,313.84,47.98,60.01,42.25
12/4/2019,313.18,48.08,59.44,42.23
12/3/2019,311.25,47.6,59.18,42.34
12/2/2019,313.41,47.8,59.49,42.62
11/29/2019,316.06,48.08,59.66,42.9
11/28/2019,,,,43
11/27/2019,317.25,48.4,60.82,43.09
11/26/2019,315.73,48.25,60.6,43.05
11/25/2019,315.1,48.2,60.47,43.72
11/22/2019,312.74,47.82,59.43,43.62
11/21/2019,312.07,47.73,59.34,43.35
11/20/2019,312.52,47.77,59.3,43.72
11/19/2019,313.68,48.1,59.91,43.67
11/18/2019,313.75,48.2,59.3,
11/15/2019,313.61,48.07,59.17,43.5
11/14/2019,311.3,47.75,59.05,43.27
11/13/2019,310.86,47.86,59.14,43.16
11/12/2019,310.69,47.91,60,43.16
11/11/2019,310.16,47.97,60.39,43.68
11/8/2019,310.67,47.92,61.13,43.75
11/7/2019,309.98,48.01,61.44,44.16
11/6/2019,308.88,47.97,60.71,43.84
11/5/2019,308.74,48.01,60.7,43.61
11/4/2019,309.11,48.09,60.36,43.8
11/1/2019,307.95,47.85,59.37,43.79
10/31/2019,304.97,47.48,58.47,43.31
10/30/2019,305.87,47.67,58.69,43.67
10/29/2019,304.91,47.38,58.68,43.79
10/28/2019,305.01,47.45,59.32,43.72
10/25/2019,303.31,47.16,58.59,43.35
10/24/2019,302.11,47.22,57.95,43.71
10/23/2019,301.57,47.1,57.77,43.47
10/22/2019,300.7,46.84,58,43.28
10/21/2019,301.75,47.03,58.38,43.33
10/18/2019,299.6,46.86,57.73,43.1
10/17/2019,300.91,46.79,58.68,43.4
10/16/2019,300.07,46.58,58.59,43.45
10/15/2019,300.62,46.51,58.49,43.21
10/14/2019,297.69,45.91,57.8,43.25
10/11/2019,297.89,46.05,58.01,43.15
10/10/2019,294.95,45.05,56.9,42.89
10/9/2019,292.88,44.67,56.13,42.45
10/8/2019,290.13,44.3,55.37,42.46
10/7/2019,294.69,44.86,56.28,42.89
10/4/2019,296.02,44.79,56.69,43.32
10/3/2019,292.04,44.4,56.75,42.38
10/2/2019,289.63,44.15,55.77,42.19
10/1/2019,294.91,45.22,55.78,42.89
9/30/2019,298.52,45.74,56.08,42.97
9/27/2019,297,45.56,55.54,42.79
9/26/2019,298.59,45.58,56.78,42.9
9/25/2019,299.19,45.36,57.18,43.08
9/24/2019,297.51,45.62,56.85,43.19
9/23/2019,301.38,45.83,57.83,43.55
9/20/2019,301.22,46,58.2,43.63
9/19/2019,302.89,46.1,58.53,43.08
9/18/2019,302.93,45.99,58.76,43.12
9/17/2019,302.71,46.02,59.05,43.51
9/16/2019,301.98,45.8,59.19,
9/13/2019,302.87,46.3,59.82,42.9
9/12/2019,303.08,46.06,59.38,42.75
9/11/2019,302.12,45.79,58.94,42.8
9/10/2019,299.95,45.54,58.35,42.64
9/9/2019,299.97,45.51,58.58,42.72
9/6/2019,299.83,45.46,58.28,42.78
9/5/2019,299.63,45.36,58.25,42.8
9/4/2019,295.76,45.11,57.22,42.35
9/3/2019,292.41,44.46,56.23,41.93
9/2/2019,,,,42.2
8/30/2019,294.27,44.58,56.42,42.66
8/29/2019,294.28,44.38,56.24,41.89
8/28/2019,290.5,43.97,55.61,41.03
8/27/2019,288.55,44.04,55.5,40.74
8/26/2019,289.66,43.97,55.35,40.14
8/23/2019,286.47,43.72,54.76,39.84
8/22/2019,294.07,44.27,56.1,40.1
8/21/2019,294.18,44.31,56.71,40.04
8/20/2019,291.79,43.86,56.32,39.67
8/19/2019,294.07,44.07,56.41,39.53
8/16/2019,290.58,43.72,55.37,39.31
8/15/2019,286.34,43.18,54.33,38.55
8/14/2019,285.6,43.19,53.57,38.62
8/13/2019,294.28,44.45,55.15,39.46
8/12/2019,289.81,44.09,54.04,39.82
8/9/2019,293.36,44.42,54.61,40.38
8/8/2019,295.28,44.62,55.38,40.39
8/7/2019,289.66,44.3,54.65,40.41
8/6/2019,289.38,44.02,54.17,39.76
8/5/2019,285.57,43.8,53.48,39.5
8/2/2019,294.42,44.71,56,39.98
8/1/2019,296.52,45.14,56.66,40.33
7/31/2019,299.23,45.31,58.47,40.8
7/30/2019,302.48,45.68,59.11,41.12
7/29/2019,303.22,46.36,59.56,41.22
7/26/2019,303.77,46.26,59.92,40.71
7/25/2019,301.71,46.11,59.8,40.96
7/24/2019,303.17,46.5,60.14,41.16
7/23/2019,301.72,46.51,59.75,41
7/22/2019,299.58,46.21,59.09,41.26
7/19/2019,298.9,46.1,59.33,41.64
7/18/2019,300.65,46.35,59.33,41.67
7/17/2019,299.48,46.22,59.25,42.61
7/16/2019,301.44,46.29,59.4,43.02
7/15/2019,302.46,46.5,59.46,43.1
7/12/2019,302.49,46.43,58.91,42.68
7/11/2019,300.93,46.38,58.64,42.94
7/10/2019,300.4,46.43,58.92,42.8
7/9/2019,299.03,46.24,58.76,42.8
7/8/2019,298.55,46.45,58.91,43.51
7/5/2019,300.1,46.67,59.65,43.36
7/4/2019,,,,43.46
7/3/2019,300.48,47.13,60.39,43.45
7/2/2019,298.23,46.73,60.61,43.39
7/1/2019,297.32,46.67,60.64,43.38
6/28/2019,294.75,46.6,59.45,43.12
6/27/2019,293.28,46.21,59.48,43.3
6/26/2019,292.08,46.18,58.9,43.76
6/25/2019,292.41,46.18,58.05,44.16
6/24/2019,295.27,46.5,58.99,44.06
6/21/2019,295.57,46.37,59,43.87
6/20/2019,296.02,46.49,59.33,43.98
6/19/2019,293.24,45.96,58.37,43.71
6/18/2019,292.45,45.73,57.8,43.5
6/17/2019,289.74,45.1,55.98,43.37
6/14/2019,291.25,46.38,55.99,43.48
6/13/2019,291.62,46.76,56.65,43.85
6/12/2019,290.29,46.73,56.54,44.16
6/11/2019,290.95,47.03,57.61,44.05
6/10/2019,291,46.69,56.81,43.93
6/7/2019,289.67,46.62,55.82,43.61
6/6/2019,286.76,46.01,55.21,43.47
6/5/2019,284.86,45.81,55.18,43.79
6/4/2019,282.44,45.81,55.66,43.33
6/3/2019,276.38,45.25,55.68,43.16
5/31/2019,277.3,44.97,55.33,42.8
5/30/2019,280.87,45.36,55.45,43.38
5/29/2019,280.24,45.09,55.48,42.88
5/28/2019,282.08,45.58,55.31,42.49
5/27/2019,,,,42.76
5/24/2019,284.76,46.04,54.88,42.86
5/23/2019,284.06,45.56,55.2,43.04
5/22/2019,287.65,46.05,56.25,43.14
5/21/2019,288.48,46.26,56.86,43.36
5/20/2019,285.98,45.89,56.01,43.69
5/17/2019,287.9,46.25,57.68,43.64
5/16/2019,289.56,46.51,59.59,43.66
5/15/2019,287.03,46.16,59.35,43.52
5/14/2019,285.32,45.99,58.81,43.57
5/13/2019,282.8,45.55,57.84,43.3
5/10/2019,290,46.61,60.13,43.51
5/9/2019,288.72,46.27,59.74,43.36
5/8/2019,289.52,46.55,60.75,43.51
5/7/2019,289.91,46.39,60.81,43.66
5/6/2019,294.9,47.2,62.72,44.19
5/3/2019,296.01,47.7,64.58,44.33
5/2/2019,293.26,47.21,63.48,44.36
5/1/2019,293.8,47.34,63.41,
4/30/2019,295.94,47.7,63.52,44.65
4/29/2019,295.79,47.51,63.72,44.95
4/26/2019,295.47,47.23,63.56,44.98
4/25/2019,294.04,47.22,63.26,45.07
4/24/2019,294.22,47.36,63.57,45.08
4/23/2019,294.84,47.6,64.41,45.22
4/22/2019,292.3,47.64,64.38,45.4
4/18/2019,292,47.64,64.89,
4/17/2019,291.37,47.73,64.87,45.47
4/16/2019,292.14,47.56,64.72,44.99
4/15/2019,291.92,47.56,63.995,44.61
4/12/2019,292.16,47.42,65.03,44.73
4/11/2019,290.2,47.09,64.1,44.63
4/10/2019,290.22,47.07,64.96,44.89
4/9/2019,289.27,46.87,64.82,45.15
4/8/2019,290.77,47.13,64.85,45.44
4/5/2019,290.45,47.09,64.92,44.99
4/4/2019,289.13,46.95,64.19,43.92
4/3/2019,288.44,47.05,63.54,43.31
4/2/2019,287.92,46.61,63.12,43.32
4/1/2019,287.85,46.47,63.35,43.64
3/29/2019,284.56,45.87,62.43,43.25
3/28/2019,282.69,45.64,61.26,42.92
3/27/2019,281.58,45.82,60.89,42.93
3/26/2019,282.96,45.75,60.94,42.91
3/25/2019,280.91,45.57,60.95,42.79
3/22/2019,281.16,45.6,60.85,42.34
3/21/2019,286.57,46.69,62.78,43.32
3/20/2019,283.39,46.83,62.69,43.17
3/19/2019,285.54,46.86,62.87,42.47
3/18/2019,285.41,46.68,62.67,
3/15/2019,284.28,46.45,61.83,42.28
3/14/2019,283.01,45.96,61.04,41.84
3/13/2019,283.15,45.74,61.42,41.99
3/12/2019,281.2,45.34,61.66,41.83
3/11/2019,280.21,45.3,61.14,41.96
3/8/2019,276.2,44.95,59.61,41.68
3/7/2019,276.76,44.95,60.68,41.72
3/6/2019,279.01,45.64,62.39,41.94
3/5/2019,280.8,45.76,62.86,42.2
3/4/2019,281.16,45.72,61.86,42.49
3/1/2019,282.31,45.86,61.21,42.63
2/28/2019,280.32,45.51,60.71,42.89
2/27/2019,280.91,45.45,61.11,43.32
2/26/2019,281.05,45.61,61.84,43.66
2/25/2019,281.26,45.28,62.05,43.69
2/22/2019,280.82,45.17,60.93,43.67
2/21/2019,279.21,45.06,59.78,43.5
2/20/2019,280.09,45.2,59.91,43.12
2/19/2019,279.55,44.97,59.54,42.89
2/18/2019,,,,42.86
2/15/2019,279.16,44.75,58.8,42.91
2/14/2019,276.03,44.12,59.21,42.7
2/13/2019,276.66,44.08,59.5,42.26
2/12/2019,275.82,44.12,59.17,43.06
2/11/2019,272.28,43.59,58.95,43.26
2/8/2019,272.13,43.68,58.77,43.15
2/7/2019,271.83,43.81,58.71,43.61
2/6/2019,274.41,44.45,59.58,43.81
2/5/2019,274.82,44.63,60.2,44.31
2/4/2019,273.65,44.22,59.12,
2/1/2019,271.7,44.13,58.95,43.73
1/31/2019,271.55,44.07,59.31,43.95
1/30/2019,269.23,44.11,58.57,43.55
1/29/2019,264.98,43.68,57.37,43.65
1/28/2019,265.35,43.49,57.39,43.61
1/25/2019,267.5,43.64,57.84,43.6
1/24/2019,265.14,43.18,56.82,43.55
1/23/2019,264.88,43.22,56.08,43.63
1/22/2019,264.5,42.94,55.67,43.72
1/21/2019,,,,43.92
1/18/2019,268.07,43.45,57.15,44.2
1/17/2019,264.53,42.97,56.45,43.9
1/16/2019,262.6,42.74,56.085,43.79
1/15/2019,261.91,42.73,55.27,43.56
1/14/2019,259.11,42.65,54.62,43.36
1/11/2019,260.37,42.88,55.28,43.55
1/10/2019,260.51,43.06,55.65,43.62
1/9/2019,259.49,42.99,55.2,43.61
1/8/2019,258.29,42.49,53.99,43.55
1/7/2019,255.77,42.11,53.58,42.8
1/4/2019,254.06,42.02,53.07,42.4
1/3/2019,245.43,40.81,51,42.03
1/2/2019,251.72,41.1,52.33,42.23
12/31/2018,251.61,41.33,52.62,41.56
12/28/2018,249.33,41.16,52.78,41.46
12/27/2018,250.06,40.81,52.65,41.39
12/26/2018,247.67,40.94,52.95,41.69
12/24/2018,236.09,40.03,51.63,41.47
12/21/2018,242.35,40.49,52.06,41.59
12/20/2018,247.43,40.95,52.42,41.8
12/19/2018,251.74,41.13,52.49,41.5
12/18/2018,255.62,41.48,53.58,41.04
12/17/2018,255.65,41.75,54.47,40.47
12/14/2018,262.4,42.19,55.57,41.38
12/13/2018,267.24,42.81,56.36,41.61
12/12/2018,267.49,42.85,56.11,
12/11/2018,266.05,42.14,55.45,40.98
12/10/2018,266,42,55,41.43
12/7/2018,265.6,42.41,55.36,41.98
12/6/2018,271.82,42.82,56.36,42.04
12/5/2018,,,,41.92
12/4/2018,272.53,43.35,57.42,41.9
12/3/2018,281.37,44.43,58.54,42.12
11/30/2018,278,43.91,57.48,41.83
11/29/2018,276.07,44.16,56.58,41.99
11/28/2018,276.63,44.34,57.69,41.08
11/27/2018,270.32,43.75,56.17,40.01
11/26/2018,269.47,44.01,56.06,39.67
11/23/2018,265.31,43.34,54.77,41.28
11/22/2018,,,,41.42
11/21/2018,266.96,43.66,55.4,41.66
11/20/2018,266.1,43.08,54.11,41.88
11/19/2018,271.13,43.86,55.25,
11/16/2018,275.74,44.24,56.45,42.39
11/15/2018,274.96,44.24,56.4,41.49
11/14/2018,272.21,44.35,55.08,42.43
11/13/2018,274.11,44.23,54.56,42.5
11/12/2018,274.51,43.94,53.25,43.37
11/9/2018,279.96,44.89,53.94,44.34
11/8/2018,282.52,45.05,55.5,44.3
11/7/2018,283.13,45.65,57.24,46.88
11/6/2018,277.16,44.97,55.86,46.33
11/5/2018,275.57,44.93,55.93,46.82
11/2/2018,273.89,44.99,56.09,
11/1/2018,275.42,44.92,55.98,45.38
10/31/2018,272.76,44.18,53.25,43.86
10/30/2018,269.86,43.81,51.86,43.51
10/29/2018,265.61,43.4,51.05,43.82
10/26/2018,267.1,43.41,52.51,45.77
10/25/2018,272.02,43.56,53.43,46.18
10/24/2018,267.14,43.05,52.22,45.89
10/23/2018,275.57,44.26,54.24,46.39
10/22/2018,277.22,44.65,55.26,46.92
10/19/2018,278.27,44.94,53.55,47.33
10/18/2018,278.51,44.64,52.78,46.97
10/17/2018,282.56,45.4,54.46,47.83
10/16/2018,282.62,45.82,55.13,48.09
10/15/2018,276.53,45,54.02,47.68
10/12/2018,278.03,45.04,55.07,47.37
10/11/2018,274.33,44.89,53.25,47.5
10/10/2018,280.25,45.42,53.46,48.07
10/9/2018,289.59,46.4,55.35,48.42
10/8/2018,289.94,46.43,55.93,48
10/5/2018,289.93,46.9,56.63,48.01
10/4/2018,291.74,47.31,56.71,48.63
10/3/2018,293.95,47.87,58.24,48.95
10/2/2018,293.75,47.68,58.5,49.32
10/1/2018,293.87,47.98,59.9,49.74
9/28/2018,292.73,47.96,59.89,49.41
9/27/2018,292.82,48.57,60.26,49.54
9/26/2018,292.02,48.75,60.23,49.53
9/25/2018,294.16,48.8,59.91,49.63
9/24/2018,294.47,48.52,59.68,49.34
9/21/2018,295.36,48.78,60.61,49.26
9/20/2018,295.76,48.82,60.06,49.51
9/19/2018,293.28,48.05,59.41,49.6
9/18/2018,293.07,47.94,58.05,49.64
9/17/2018,291.44,47.69,57.4,49.4
9/14/2018,292.91,47.54,58.17,49.62
9/13/2018,292.92,47.67,58.71,49.7
9/12/2018,291.24,47.36,57.24,49.25
9/11/2018,291.22,47.15,56.8,48.89
9/10/2018,290.25,47.16,56.88,48.79
9/7/2018,289.6,46.73,57.87,48.95
9/6/2018,290.31,47.07,58.19,48.73
9/5/2018,291.16,47.35,58.4,48.61
9/4/2018,291.95,47.66,59.99,48.91
9/3/2018,,,,49.55
8/31/2018,292.44,48.05,60.74,49.52
8/30/2018,292.29,48.55,60.61,49.66
8/29/2018,293.54,49,62.62,50.18
8/28/2018,291.89,48.75,62.07,50.05
8/27/2018,291.81,48.76,62.44,50.43
8/24/2018,289.52,48.22,61.21,49.64
8/23/2018,287.73,47.82,60.3,49.75
8/22/2018,288.22,48.1,61.43,49.87
8/21/2018,288.23,47.98,61.08,49.34
8/20/2018,287.74,47.43,60.11,48.74
8/17/2018,287.04,47.11,59.59,48.26
8/16/2018,286.1,46.84,58.79,47.99
8/15/2018,283.65,46.51,58.18,48.48
8/14/2018,285.93,47.33,60.4,49.01
8/13/2018,284.11,47.41,61.25,48.69
8/10/2018,285.07,47.53,62.16,48.3
8/9/2018,287.11,48.53,62.68,49.19
8/8/2018,287.37,48.71,62.05,49.83
8/7/2018,287.47,48.77,62.29,49.86
8/6/2018,286.65,48.42,61.22,49.22
8/3/2018,285.55,48.64,61.73,49.24
8/2/2018,284.23,48.5,61.86,48.98
8/1/2018,282.88,48.96,62.68,49.34
7/31/2018,283.28,49.23,63.82,49.6
7/30/2018,281.77,49.1,63.62,49.64
7/27/2018,283.36,48.99,64.27,49.61
7/26/2018,285.19,48.88,64.73,49.46
7/25/2018,286.18,49.24,65.94,49.61
7/24/2018,283.55,48.76,64.62,49.52
7/23/2018,282.14,48.52,63.35,48.89
7/20/2018,281.62,48.58,63.66,48.94
7/19/2018,281.92,48.31,62.85,48.76
7/18/2018,283.09,48.53,64.08,49.02
7/17/2018,282.47,48.44,64.23,48.77
7/16/2018,281.33,48.48,64.15,48.48
7/13/2018,281.43,48.46,64.6,48.47
7/12/2018,281.14,48.4,64.7,48.77
7/11/2018,278.74,47.97,63.44,49.01
7/10/2018,280.83,48.78,64.71,48.97
7/9/2018,279.81,48.67,65.4,49.21
7/6/2018,277.21,48.35,64.04,48.97
7/5/2018,275.07,48.06,63.07,48.54
7/4/2018,,,,47.33
7/3/2018,272.73,47.5,63.54,47.05
7/2/2018,273.82,47.29,63.68,46.65
6/29/2018,273.05,47.58,64.6,47.64
6/28/2018,272.82,47.09,63.65,47.02
6/27/2018,271.12,47.04,63.04,46.85
6/26/2018,273.47,47.49,65.09,47.1
6/25/2018,274.1,47.52,65.29,46.96
6/22/2018,277.89,48.17,67.07,46.94
6/21/2018,277.32,47.53,66.54,46.68
6/20/2018,279.25,47.92,67.85,46.97
6/19/2018,278.67,47.98,67.88,46.7
6/18/2018,279.7,49.58,69.47,46.87
6/15/2018,280.31,50.02,70.16,47.1
6/14/2018,280.71,50.4,70.46,47.37
6/13/2018,279.92,50.44,70.48,46.92
6/12/2018,280.89,50.34,71.43,46.84
6/11/2018,280.51,50.59,71.12,46.48
6/8/2018,280.04,50.12,71.09,46.11
6/7/2018,279.26,50.1,71.31,45.66
6/6/2018,279.44,50.48,72.14,45.2
6/5/2018,277.06,49.99,71.24,45.15
6/4/2018,276.81,50.06,71.06,45.27
6/1/2018,275.53,49.93,69.87,45.05
5/31/2018,272.73,49.52,68.83,44.74
5/30/2018,274.55,49.7,68.27,44.77
5/29/2018,270.93,48.84,67.97,44.68
5/28/2018,,,,45.01
5/25/2018,273.98,50.22,69.18,45.24
5/24/2018,274.75,50.67,69.015,45.56
5/23/2018,275.25,50.79,69.3,45.89
5/22/2018,274.47,51.47,69.36,45.72
5/21/2018,275.21,51.41,69.69,45.39
5/18/2018,273.21,51.12,69.16,45.75
5/17/2018,273.88,51.26,69.49,45.87
5/16/2018,274.1,51.1,70.5,46.48
5/15/2018,272.81,51.15,69.04,46.32
5/14/2018,274.82,51.43,70.34,46.58
5/11/2018,274.47,51.44,69.74,46.8
5/10/2018,273.9,51.38,69.81,46.61
5/9/2018,271.44,51.12,68.61,46.37
5/8/2018,268.68,50.8,68.27,46.75
5/7/2018,268.79,50.83,67.35,46.53
5/4/2018,267.82,50.75,67.2,47.03
5/3/2018,264.4,50.65,66.5,47.13
5/2/2018,264.97,50.49,66.82,47.81
5/1/2018,266.83,50.46,66.99,
4/30/2018,266.31,50.7,66.85,48.3
4/27/2018,268.39,50.87,66.96,48.24
4/26/2018,268.15,50.83,66.64,48.24
4/25/2018,265.42,50.61,66.03,48.01
4/24/2018,264.89,50.79,66.47,48.01
4/23/2018,268.44,51.06,66.45,48.41
4/20/2018,268.44,51.12,66.85,48.37
4/19/2018,270.72,51.33,67.75,48.67
4/18/2018,272.19,51.5,67.76,49.05
4/17/2018,272.07,51.3,67.77,48.84
4/16/2018,269.19,50.97,67.48,48.37
4/13/2018,266.97,50.87,67.83,48.72
4/12/2018,267.79,50.78,69.1,48.73
4/11/2018,265.52,50.49,69.01,48.48
4/10/2018,266.97,50.74,69.08,48.28
4/9/2018,262.7,50.12,67.07,47.99
4/6/2018,261.57,49.7,66.2,47.85
4/5/2018,267.48,49.9,67.83,47.88
4/4/2018,265.63,49.47,67.65,47.42
4/3/2018,262.58,49.3,67.54,46.62
4/2/2018,259.21,49.02,66.91,45.75
3/29/2018,265.37,49.68,68.57,
3/28/2018,261.62,49.31,67.36,46.05
3/27/2018,262.32,49.04,68.32,46.71
3/26/2018,267,49.57,69.79,46.82
3/23/2018,259.83,48.65,67.09,46.53
3/22/2018,265.47,48.97,68.53,47.34
3/21/2018,273.56,49.98,72.18,47.54
3/20/2018,274.06,49.95,72.86,47.09
3/19/2018,273.58,50.04,71.57,
3/16/2018,277.3,50.25,72.64,47.49
3/15/2018,277.05,50.27,72.54,47.84
3/14/2018,277.34,50.3,71.73,48.18
3/13/2018,278.77,50.17,71.18,48.56
3/12/2018,280.59,50.54,72.39,48.67
3/9/2018,280.82,50.45,72.1,48.54
3/8/2018,276.13,50.2,70.26,48.24
3/7/2018,274.85,50.12,69.98,47.68
3/6/2018,274.95,50.02,69.77,47.86
3/5/2018,274.2,49.66,69.07,47.71
3/2/2018,271.2,49.34,68.98,47.53
3/1/2018,269.7,49.26,68.98,47.58
2/28/2018,273.34,49.85,69.2,47.41
2/27/2018,276.48,50.44,70.21,47.92
2/26/2018,279.96,51.28,73,48.43
2/23/2018,276.72,50.95,72.34,48.58
2/22/2018,272.37,50.59,71.16,48.88
2/21/2018,272,50.38,71.28,48.47
2/20/2018,273.41,50.59,70.63,48.62
2/19/2018,,,,48.89
2/16/2018,275.09,51.07,71.24,48.82
2/15/2018,275.02,51.04,71.57,48.73
2/14/2018,271.65,50.65,69.82,48.31
2/13/2018,267.96,49.65,67.69,47.84
2/12/2018,267.18,49.73,66.99,47.75
2/9/2018,263.67,49.12,65.83,47.76
2/8/2018,259.62,48.9,65.39,47.8
2/7/2018,269.59,50.1,68.29,48.9
2/6/2018,271.26,50.73,71.02,49.26
2/5/2018,266.05,49.73,69.58,
2/2/2018,277.53,51.81,71.71,50.33
2/1/2018,283.79,53.13,73.11,50.49
1/31/2018,284.15,53.01,74.81,50.39
1/30/2018,283.65,53.02,73.84,50.31
1/29/2018,286.75,53.38,75.24,50.56
1/26/2018,288.66,53.89,76.72,50.99
1/25/2018,285.35,53.43,74.69,50.68
1/24/2018,285.24,53.58,75.2,50.69
1/23/2018,285.39,53.43,75,50.21
1/22/2018,284.73,53.31,73.91,49.9
1/19/2018,282.49,53.01,73.4,49.65
1/18/2018,281.26,52.74,72.55,49.86
1/17/2018,281.68,52.66,72.42,49.66
1/16/2018,278.9,52.44,71.35,49.42
1/15/2018,,,,49.31
1/12/2018,279.91,52.43,71.99,49.06
1/11/2018,278.09,51.75,70.9,48.76
1/10/2018,276.13,51.43,70.72,48.7
1/9/2018,276.57,51.6,71,49.65
1/8/2018,275.94,51.49,70.96,49.95
1/5/2018,275.33,51.66,70.61,49.82
1/4/2018,273.6,51.3,70.11,49.71
1/3/2018,272.42,50.74,69.68,49.72
1/2/2018,270.85,50.57,69.13,49.95
12/29/2017,268.85,50.17,66.54,49.25
12/28/2017,269.79,50.17,66.4,48.79
12/27/2017,269.29,50.05,66.17,48.6
12/26/2017,269.12,49.9,66.44,48.5
12/22/2017,269.46,49.89,66.78,48.46
12/21/2017,269.53,49.83,66.29,48.52
12/20/2017,268.99,49.59,65.09,48.39
12/19/2017,269.13,49.82,65.12,48.45
12/18/2017,271.47,50.35,66.25,48.66
12/15/2017,269.79,49.67,65.61,48.11
12/14/2017,267.53,49.77,65.73,48.22
12/13/2017,268.57,50.04,66.59,48.27
12/12/2017,268.63,49.97,65.37,
12/11/2017,268.22,49.95,66.29,47.68
12/8/2017,267.3,49.89,65.505,47.58
12/7/2017,265.85,49.58,64.29,47
12/6/2017,265.05,49.52,63.9,46.98
12/5/2017,264.99,49.59,64.75,47.48
12/4/2017,265.98,49.74,65.04,47.17
12/1/2017,266.26,49.83,65.31,47.28
11/30/2017,266.89,50,66.24,47.1
11/29/2017,264.48,49.9,66.96,47.67
11/28/2017,264.65,50.07,68.67,47.25
11/27/2017,262.01,49.77,68.14,47.42
11/24/2017,262.09,50.1,69.45,48.07
11/23/2017,,,,48.2
11/22/2017,261.54,49.67,69.84,48.28
11/21/2017,261.73,49.48,69.96,48.26
11/20/2017,260.04,49.19,68.39,
11/17/2017,259.63,49.13,67.57,47.96
11/16/2017,260.34,49.26,67.54,47.82
11/15/2017,258.18,48.89,66.09,47.78
11/14/2017,259.58,49.13,66.56,47.98
11/13/2017,260.1,48.98,67.37,48.11
11/10/2017,259.81,49.24,67.39,48.12
11/9/2017,259.99,49.32,67.07,48.81
11/8/2017,260.94,49.66,67.2,48.87
11/7/2017,260.49,49.64,67.05,49.03
11/6/2017,260.62,50.04,66.81,49.01
11/3/2017,260.18,49.91,65.83,48.58
11/2/2017,259.37,50.03,65.85,
11/1/2017,259.23,49.88,65.75,48.32
10/31/2017,258.81,49.79,65.3,48.65
10/30/2017,258.52,49.7,64.67,48.84
10/27/2017,259.41,49.45,65.17,49.15
10/26/2017,257.35,49.5,64.32,48.93
10/25/2017,257.04,49.58,64.53,48.86
10/24/2017,258.25,49.62,64.84,50.12
10/23/2017,257.86,49.64,64.89,49.5
10/20/2017,258.85,49.8,65.52,49.94
10/19/2017,257.53,49.9,65.03,49.99
10/18/2017,257.43,50.04,66.19,49.9
10/17/2017,257.21,49.83,65.58,50.15
10/16/2017,257.05,50.03,66.15,49.67
10/13/2017,256.63,50.16,65.84,49.96
10/12/2017,256.34,50.15,65.38,49.92
10/11/2017,256.71,50.22,65.75,50.07
10/10/2017,256.34,50.06,66.01,49.91
10/9/2017,255.68,49.57,65.36,50.04
10/6/2017,256.11,49.6,65.31,50.27
10/5/2017,256.38,49.56,65.74,50.45
10/4/2017,254.9,49.64,64.86,50.5
10/3/2017,254.57,49.72,64.94,50.57
10/2/2017,253.97,49.57,63.42,50.43
9/29/2017,252.93,49.68,63.09,50.3
9/28/2017,252,49.28,62.2,50.1
9/27/2017,251.73,49.06,62.5,50.09
9/26/2017,250.75,48.99,62.02,50.37
9/25/2017,251.89,49.18,61.88,50.36
9/22/2017,252.37,49.52,63.83,50.31
9/21/2017,252.36,49.41,64.28,50.5
9/20/2017,253.1,49.42,64.27,50.4
9/19/2017,252.95,49.58,64.38,50.14
9/18/2017,252.71,49.35,64.26,50.22
9/15/2017,252.14,49.26,63.65,49.9
9/14/2017,251.82,49.21,63.1,50.07
9/13/2017,251.91,49.02,63.15,50.16
9/12/2017,251.8,49.38,63,50.44
9/11/2017,250.9,49.19,62.84,50.35
9/8/2017,248.19,48.78,61.54,50.08
9/7/2017,248.61,48.78,62.02,50.26
9/6/2017,248.61,48.34,61.6,50.49
9/5/2017,247.78,48.01,61.32,50.29
9/4/2017,,,,50.76
9/1/2017,249.57,48.3,62.12,51.07
8/31/2017,249.14,48.16,62,51.19
8/30/2017,247.73,47.8,61.76,51.17
8/29/2017,246.54,47.89,61.28,51.28
8/28/2017,246.23,48.1,61.27,51.22
8/25/2017,246.18,48.1,61.76,51.4
8/24/2017,245.69,47.745,61.56,51.48
8/23/2017,246.15,47.82,61.58,51.29
8/22/2017,247,47.82,61.2,51.35
8/21/2017,244.59,47.6,60.34,51.26
8/18/2017,244.25,47.55,59.67,51.07
8/17/2017,244.8,47.47,59.39,50.98
8/16/2017,248.6,48.03,60.41,51.14
8/15/2017,248.15,47.75,59.31,51.32
8/14/2017,248.17,47.89,59.39,51.15
8/11/2017,245.72,47.5,58.6,50.63
8/10/2017,245.47,47.57,58.7,50.88
8/9/2017,248.92,48.32,60.67,51.2
8/8/2017,248.97,48.3,60.81,51.28
8/7/2017,249.52,48.63,60.35,51.36
8/4/2017,249.06,48.65,59.6,51.31
8/3/2017,248.68,48.55,59.37,51.27
8/2/2017,249.12,48.54,59.34,51.2
8/1/2017,248.99,48.45,59.81,51.2
7/31/2017,248.46,48.19,59.41,51.04
7/28/2017,248.56,48.1,59.26,51.21
7/27/2017,248.91,47.97,58.74,51.25
7/26/2017,249.14,48.22,59.04,51.59
7/25/2017,249.07,47.82,58.44,51.92
7/24/2017,248.49,47.75,58.48,51.88
7/21/2017,248.55,47.87,58.14,51.76
7/20/2017,248.74,48.15,58.2,51.36
7/19/2017,248.62,47.94,58.44,51.28
7/18/2017,247.36,47.79,57.7,51.32
7/17/2017,247.15,47.79,57.4,51.55
7/14/2017,247.1,47.88,57.74,51.34
7/13/2017,246.03,47.53,56.94,51.18
7/12/2017,245.65,47.36,56.82,51.02
7/11/2017,243.82,46.93,55.65,50.64
7/10/2017,243.94,46.91,54.65,50.75
7/7/2017,243.71,46.8,54.31,50.21
7/6/2017,242.19,46.7,54.24,50.16
7/5/2017,244.39,46.87,54.95,50.45
7/4/2017,,,,50.16
7/3/2017,243.87,46.83,55.03,50.2
6/30/2017,243.41,46.87,54.69,50.01
6/29/2017,243.03,46.82,54.58,49.32
6/28/2017,245.1,47.34,55.33,49.49
6/27/2017,243.04,46.94,54.92,49.21
6/26/2017,246,46.85,55.47,49.36
6/23/2017,245.85,46.74,55.03,49.03
6/22/2017,245.6,46.57,54.93,49.07
6/21/2017,245.68,46.61,54.65,49.02
6/20/2017,245.78,46.61,54.31,49.11
6/19/2017,247.39,47.93,54.94,49.23
6/16/2017,245.18,47.76,53.9,49.35
6/15/2017,245.38,47.13,53.83,49.19
6/14/2017,245.84,47.73,54.39,49.34
6/13/2017,246.11,47.77,54.63,49.06
6/12/2017,244.91,47.45,54.59,49.16
6/9/2017,244.94,47.73,55.05,49.1
6/8/2017,245.32,47.87,55.8,49.12
6/7/2017,245.25,48.02,54.8,49.3
6/6/2017,244.85,48,54.63,49.25
6/5/2017,245.51,48.23,54.38,49.61
6/2/2017,245.67,48.51,54.47,49.33
6/1/2017,244.89,48.21,54.43,49.11
5/31/2017,242.9,47.92,53.77,48.81
5/30/2017,243.08,47.74,54.22,49.3
5/29/2017,,,,49.5
5/26/2017,243.23,47.78,54.19,49.66
5/25/2017,243.27,47.97,54.17,49.63
5/24/2017,242.12,48.05,53.54,49.7
5/23/2017,241.52,47.93,53.51,49.26
5/22/2017,241,47.99,53.85,49.15
5/19/2017,239.86,47.85,53.24,49.28
5/18/2017,238.19,47.23,52.48,48.54
5/17/2017,237.34,47.18,52.37,48.97
5/16/2017,241.59,47.79,53.17,49.67
5/15/2017,241.79,47.38,52.92,49.88
5/12/2017,240.57,47.12,52.41,49.66
5/11/2017,240.94,46.77,51.98,49.75
5/10/2017,241.38,46.97,52.08,50.12
5/9/2017,240.99,46.78,51.61,50.11
5/8/2017,241.17,46.83,50.69,49.68
5/5/2017,241.26,47.29,50.62,49.64
5/4/2017,240.23,46.72,50.45,49.17
5/3/2017,240.07,46.07,51.13,49.26
5/2/2017,240.31,46.23,51.34,49.76
5/1/2017,240.22,45.89,51.36,
4/28/2017,239.56,45.695,51.16,49.38
4/27/2017,240.09,45.73,51.13,49.56
4/26/2017,239.95,45.66,51.22,49.67
4/25/2017,240.05,45.83,51.31,49.9
4/24/2017,238.64,45.43,50.72,49.52
4/21/2017,236.13,43.89,50.34,49.1
4/20/2017,236.73,43.93,50.38,49.14
4/19/2017,234.94,43.61,49.6,48.85
4/18/2017,235.35,43.71,49.66,48.72
4/17/2017,236.06,43.88,50.35,48.98
4/13/2017,234.03,43.6,49.97,
4/12/2017,235.59,43.87,50.19,48.94
4/11/2017,236.55,43.89,50,49.63
4/10/2017,236.85,43.63,50.3,49.51
4/7/2017,236.68,43.65,50.39,49.31
4/6/2017,236.9,43.75,50.39,48.99
4/5/2017,236.28,43.65,50.4,49.17
4/4/2017,236.98,43.84,50.37,49.29
4/3/2017,236.87,43.85,50.35,48.83
3/31/2017,237.27,43.97,49.93,48.52
3/30/2017,237.73,43.87,50.28,48.83
3/29/2017,237.13,44.01,50.56,49
3/28/2017,236.78,44.1,50.57,49.29
3/27/2017,235.05,44.08,50.39,49.37
3/24/2017,235.39,43.87,50.58,49.16
3/23/2017,236.52,43.69,50.54,48.73
3/22/2017,236.78,43.56,50.43,48.55
3/21/2017,236.26,43.54,50.25,48.65
3/20/2017,239.2635,43.63,51,
3/17/2017,239.59,43.775,50.3,48.65
3/16/2017,240.08,43.71,50.42,48.12
3/15/2017,240.39,43.26,49.84,47.53
3/14/2017,238.44,42.7,49.11,47.15
3/13/2017,239.29,43.01,49.39,47.15
3/10/2017,239.15,42.88,48.6,47.18
3/9/2017,238.32,42.49,48.34,47.34
3/8/2017,238.09,42.19,48.81,47.6
3/7/2017,238.57,42.37,48.76,47.5
3/6/2017,239.27,42.55,48.6,47.95
3/3/2017,239.97,42.8,48.65,47.46
3/2/2017,239.83,42.45,48.43,47.33
3/1/2017,241.22,42.6,49.27,47.42
2/28/2017,238.03,42.17,48.71,46.86
2/27/2017,238.63,42.2,48.95,47.34
2/24/2017,238.26,42.1,49.08,47.06
2/23/2017,237.97,42.46,49.68,47.2
2/22/2017,237.78,42.3548,49.83,47.17
2/21/2017,237.92,42.38,49.41,47.57
2/20/2017,,,,47.03
2/17/2017,236.49,42.34,49.01,47.15
2/16/2017,236.22,42.51,49.24,47.26
2/15/2017,236.34,42.36,49.23,47.1
2/14/2017,235.14,42.18,48.66,47.37
2/13/2017,234.2,42.15,48.77,47.6
2/10/2017,232.91,42.04,48.53,47.76
2/9/2017,232,41.96,48.37,47.15
2/8/2017,230.65,41.84,47.96,46.87
2/7/2017,230.37,41.75,47.27,46.69
2/6/2017,230.38,41.75,47.29,
2/3/2017,230.79,42.14,47.11,47.19
2/2/2017,229.13,42.02,47.1,47.07
2/1/2017,229.05,42.045,47.02,46.98
1/31/2017,228.93,41.91,47.01,46.97
1/30/2017,229.03,41.69,46.95,47.04
1/27/2017,230.4,42.04,47.14,47.4
1/26/2017,230.75,42.05,47.28,47.54
1/25/2017,230.82,42.33,47.28,48.27
1/24/2017,228.96,41.85,46.97,48.18
1/23/2017,227.57,41.75,46.5,47.14
1/20/2017,228.1,41.62,46.13,46.33
1/19/2017,227.35,41.42,46.19,46.27
1/18/2017,228.08,41.48,46.41,46.36
1/17/2017,227.64,41.62,46.22,46.01
1/16/2017,,,,45.79
1/13/2017,228.39,41.6235,46.31,46.2
1/12/2017,227.97,41.43,46.17,46.07
1/11/2017,228.41,41.38,46.37,45.95
1/10/2017,227.8,41.18,46.2,45.91
1/9/2017,227.9,41.15,45.51,45.55
1/6/2017,228.64,41.32,45.34,46.08
1/5/2017,227.74,41.56,45.61,46.75
1/4/2017,227.95,41.14,44.77,46.59
1/3/2017,226.58,40.88,44.19,46.12
1/2/2017,,,,45.62
12/30/2016,224.99,40.69,43.73,45.63
12/29/2016,225.75,40.5425,43.84,45.93
12/28/2016,225.77,40.25,43.29,45.6
12/27/2016,227.64,40.5,42.97,45.29
12/26/2016,,,,45.13
12/23/2016,227,40.36,42.8,45.14
12/22/2016,226.85,40.25,42.89,45
12/21/2016,227.18,40.34,43.36,44.99
12/20/2016,229.05,40.59,43.91,44.91
12/19/2016,228.15,40.44,43.89,44.86
12/16/2016,227.73,40.57,44.01,45.08
12/15/2016,228.08,40.42,44.41,45.87
12/14/2016,227.32,40.45,44.92,46.18
12/13/2016,229.05,41.04,45.8,46.81
12/12/2016,227.57,40.62,45.27,
12/9/2016,227.85,40.67,46.21,46.86
12/8/2016,226.41,40.41,46.51,46.31
12/7/2016,225.87,40.7,46.52,45.57
12/6/2016,222.99,40.11,45.92,45.04
12/5/2016,222.19,39.81,45.95,44.88
12/2/2016,220.91,39.22,45.89,44.52
12/1/2016,220.73,39.0721,46.22,44.84
11/30/2016,221.53,39.16,46.62,45.35
11/29/2016,222.19,39.16,46.67,45.33
11/28/2016,221.83,38.8529,46.39,45.45
11/25/2016,222.81,39.1801,46.23,45.29
11/24/2016,,,,45.34
11/23/2016,222,38.93,45.86,45.3
11/22/2016,221.76,39.23,46.11,44.97
11/21/2016,221.39,39.17,45.64,
11/18/2016,219.79,38.83,45.33,44.47
11/17/2016,220.23,39.2,45.37,45.01
11/16/2016,219.24,39,45.04,45.04
11/15/2016,219.52,39.44,45.5,45.1
11/14/2016,217.79,39.18,44.61,45.37
11/11/2016,217.73,39.48,45.28,45
11/10/2016,218.12,39.85,45.75,45.32
11/9/2016,217.69,40.07,46.41,47.42
11/8/2016,215.31,39.88,47.58,48.48
11/7/2016,214.32,39.8,47.3,48.07
11/4/2016,209.67,39.22,45.85,46.71
11/3/2016,210.02,39.61,46.24,46.67
11/2/2016,210.9,39.67,46.3,
11/1/2016,212.23,39.9,47.07,47.29
10/31/2016,213.69,40.01,47.07,48
10/28/2016,213.75,40.05,47.1,47.99
10/27/2016,214.38,40.06,47.52,48.05
10/26/2016,214.97,40.09,47.94,47.75
10/25/2016,215.42,40.23,48.4,48.05
10/24/2016,216.11,40.36,48.59,48.38
10/21/2016,215.16,40.45,48.37,48.35
10/20/2016,215.06,40.59,48.25,48.22
10/19/2016,215.43,40.56,48.41,48.44
10/18/2016,214.9,40.51,48.26,48.04
10/17/2016,213.58,40,47.57,47.59
10/14/2016,214.29,40.21,47.84,47.64
10/13/2016,214.27,40.08,47.63,47.69
10/12/2016,214.93,40.27,48.38,47.86
10/11/2016,214.66,40.38,48.36,47.95
10/10/2016,217.34,40.993,49.76,48.2
10/7/2016,216.25,40.94,48.98,47.55
10/6/2016,217.1,41.25,49.44,47.88
10/5/2016,216.89,41.54,49.46,48.09
10/4/2016,215.94,41.33,48.44,47.86
10/3/2016,216.89,41.33,48.61,47.56
9/30/2016,217.56,41.37,48.5,47.21
9/29/2016,215.94,40.91,48.41,47.6
9/28/2016,217.9,41.52,49.05,47.97
9/27/2016,216.76,41.07,48.72,47.66
9/26/2016,215.45,41.07,48.09,47.28
9/23/2016,218.35,41.4603,49.08,47.75
9/22/2016,219.5,41.7999,49.885,47.98
9/21/2016,218.16,41.28,49.4,46.96
9/20/2016,215.75,40.8,48.09,46.35
9/19/2016,215.73,40.72,48.07,45.91
9/16/2016,215.62,40.5,48.21,
9/15/2016,216.52,41.15,48.32,45.94
9/14/2016,214.35,40.7791,47.55,45.8
9/13/2016,214.47,40.84,47.43,46.18
9/12/2016,217.63,41.61,48.36,46.73
9/9/2016,214.54,41.24,48.03,46.52
9/8/2016,219.81,42.18,49.26,47.45
9/7/2016,220.33,42.16,48.91,47.42
9/6/2016,220.37,42.15,49.13,47.62
9/5/2016,,,,47.86
9/2/2016,219.63,41.92,47.92,47.82
9/1/2016,218.67,41.335,47.1,47.6
8/31/2016,218.65,41,46.76,47.73
8/30/2016,219.26,41.15,47.23,47.73
8/29/2016,219.6,41.21,46.84,47.66
8/26/2016,218.56,41.1,46.58,47.45
8/25/2016,218.95,41.27,46.63,47.76
8/24/2016,219.17,41.46,46.64,47.78
8/23/2016,220.21,41.56,46.85,47.65
8/22/2016,219.75,41.34,46.94,48.3
8/19/2016,219.82,41.34,47.37,48.3
8/18/2016,220.16,41.68,47.46,48.4
8/17/2016,219.65,41.31,47.17,48.25
8/16/2016,219.25,41.3701,47.25,48.29
8/15/2016,220.37,41.36,47.38,48.6
8/12/2016,219.71,41.3,46.56,48.3
8/11/2016,219.89,41.33,46.18,48.16
8/10/2016,218.88,41.04,45.23,47.64
8/9/2016,219.42,40.85,45.3,47.49
8/8/2016,219.28,40.46,45.02,47.2
8/5/2016,219.4,40.46,44.75,47.09
8/4/2016,217.67,40.3,44.05,46.76
8/3/2016,217.47,40.13,43.91,46.67
8/2/2016,216.83,40.34,43.83,46.4
8/1/2016,218.12,40.44,44.04,46.58
7/29/2016,218.37,40.82,44.02,46.52
7/28/2016,218.04,40.51,44.22,46.69
7/27/2016,217.78,40.45,44.36,46.6
7/26/2016,218,40.21,44.47,46.78
7/25/2016,217.91,40.05,43.96,46.99
7/22/2016,218.47,39.99,44.29,47.47
7/21/2016,217.52,39.97,44.02,47.24
7/20/2016,218.31,40.08,44.1,47.47
7/19/2016,217.39,39.7101,43.55,46.91
7/18/2016,217.63,40.03,44.23,46.85
7/15/2016,217.03,40.05,43.83,46.62
7/14/2016,217.35,40.24,43.93,46.36
7/13/2016,216.16,39.87,43.31,46.16
7/12/2016,216.18,39.87,43.56,46.32
7/11/2016,214.67,39.26,42.925,46.07
7/8/2016,213.86,38.6812,42.34,45.63
7/7/2016,210.66,38.1,41.7,45.3
7/6/2016,210.84,38.27,41.78,45.18
7/5/2016,209.64,38.34,41.84,45.73
7/4/2016,,,,46.08
7/1/2016,211.13,39.65,42.7,46.16
6/30/2016,210.5,39.49,42.39,45.86
6/29/2016,207.8,38.73,41.77,45.43
6/28/2016,204.38,37.9,40.99,44.71
6/27/2016,200.63,36.76,40,44.35
6/24/2016,204.49,37.79,40.38,44.96
6/23/2016,212,42.47,42.61,46.24
6/22/2016,209.27,41.15,41.67,45.85
6/21/2016,209.62,42.04,41.78,45.71
6/20/2016,210.04,41.66,41.44,45.8
6/17/2016,208.66,40.6,40.78,45.36
6/16/2016,209.45,39.94,41.1,45.28
6/15/2016,208.77,39.79,41.15,45.06
6/14/2016,209.14,39.59,40.94,44.62
6/13/2016,209.52,40.35,40.81,45
6/10/2016,211.19,40.99,41.57,45.26
6/9/2016,213.2,42.338,42.63,45.79
6/8/2016,213.45,42.97,42.89,46.27
6/7/2016,212.77,42.88,42.99,46.13
6/6/2016,212.52,42.5,42.69,45.96
6/3/2016,211.35,42.42,42.12,45.96
6/2/2016,212.06,42.23,42.135,45.57
6/1/2016,211.37,42.08,41.78,45.6
5/31/2016,210.97,42.21,42.25,45.49
5/30/2016,,,,46.12
5/27/2016,211.3,42.48,41.51,46.17
5/26/2016,210.43,42.58,41.12,46.09
5/25/2016,210.35,42.4,41.1,45.92
5/24/2016,208.94,41.99,40.7,45.75
5/23/2016,206.26,41.24,39.95,45.44
5/20/2016,206.54,41.33,40,45.35
5/19/2016,205.29,41.02,39.52,45.23
5/18/2016,206.02,41.2237,39.87,45.73
5/17/2016,206,41.1225,40.22,46.08
5/16/2016,207.83,41.3748,40.37,46.02
5/13/2016,205.75,40.92,39.39,45.63
5/12/2016,207.67,41.33,40.01,45.87
5/11/2016,207.57,41.44,40.2,45.71
5/10/2016,209.52,41.6699,40.68,45.88
5/9/2016,207.01,41.2717,39.99,45.44
5/6/2016,206.81,41.29,40.64,45.38
5/5/2016,206.01,41.2,40.81,45.31
5/4/2016,206.07,41.4099,40.68,45.5
5/3/2016,207.25,41.91,41.12,45.82
5/2/2016,209.08,42.6892,42.1,45.89
4/29/2016,207.46,42.4,42.27,45.91
4/28/2016,208.58,42.39,42.8,45.64
4/27/2016,210.4,42.7,43.19,46.04
4/26/2016,210.01,42.4,43.02,45.52
4/25/2016,209.66,42.1599,42.93,45.65
4/22/2016,210.03,42.3,43.28,45.72
4/21/2016,210.06,42.34,43.47,45.64
4/20/2016,211.11,42.71,43.8,45.67
4/19/2016,210.95,42.72,44.24,45.8
4/18/2016,210.31,41.94,43.79,45.06
4/15/2016,208.79,41.57,43.47,45.55
4/14/2016,209.12,41.64,44.03,45.43
4/13/2016,209.1,41.71,44.1,45.43
4/12/2016,207.02,41.12,42.62,45.11
4/11/2016,205,40.75,42.03,44.77
4/8/2016,205.58,40.67,41.57,44.89
4/7/2016,204.97,39.96,41.19,45.06
4/6/2016,207.48,40.5801,41.9,45.33
4/5/2016,205.26,40.01,41,45.21
4/4/2016,207.29,40.81,41.87,45.7
4/1/2016,207.97,40.77,42.36,46.06
3/31/2016,206.65,41.08,42.51,45.89
3/30/2016,207.13,41.35,42.57,46.21
3/29/2016,206.26,40.93,42.06,45.89
3/28/2016,204.31,40.42,41.55,45.62
3/24/2016,204.18,40.24,41.24,
3/23/2016,204.3,40.58,41.44,45.66
3/22/2016,206.75,40.94,42.08,45.68
3/21/2016,206.87,41.15,42.38,
3/18/2016,206.57,41.38,42.15,45.53
3/17/2016,205.81,41.4262,41.76,45.51
3/16/2016,204.52,41,41.49,44.81
3/15/2016,203.22,40.54,41.04,44.3
3/14/2016,203.56,40.96,41.33,44.74
3/11/2016,203.84,41.02,41.31,44.82
3/10/2016,200.52,39.98,39.91,44.4
3/9/2016,200.41,39.91,40.23,44.53
3/8/2016,199.38,39.9,40.08,44.56
3/7/2016,201.68,40.26,40.995,45.01
3/4/2016,201.48,40.31,41.41,44.92
3/3/2016,200.78,40.02,40.32,44.8
3/2/2016,200.07,39.64,40.34,44.67
3/1/2016,199.19,39.64,39.68,44.26
2/29/2016,194.51,38.51,38.35,43.74
2/26/2016,196.15,38.72,38.43,43.49
2/25/2016,196.5,38.75,38.39,43.47
2/24/2016,194.22,38.21,38.55,43.21
2/23/2016,193.34,38.44,38.49,43.24
2/22/2016,195.72,39.06,39.55,43.56
2/19/2016,192.93,38.88,38.54,43.38
2/18/2016,193.05,38.885,38.3,43.57
2/17/2016,193.83,39.13,38.66,43.62
2/16/2016,190.67,38.32,38.035,43.1
2/15/2016,,,,43.15
2/12/2016,187.55,37.68,36.56,42.44
2/11/2016,183.83,37.03,35.7,42.36
2/10/2016,186.15,37.52,36.34,42.58
2/9/2016,186.24,37.27,36.05,42.43
2/8/2016,186.31,37.62,36.58,42.78
2/5/2016,188.85,38.68,37.37,43.22
2/4/2016,192.53,39.22,37.74,43.73
2/3/2016,192.11,39.21,38.11,43.26
2/2/2016,191.09,38.63,37.57,43.11
2/1/2016,194.6,39.71,38.63,
1/29/2016,194.62,39.72,39.28,43.6
1/28/2016,190.11,39.17,38.17,42.39
1/27/2016,189.08,38.95,37.82,42.11
1/26/2016,191.13,39.32,38.41,41.91
1/25/2016,188.57,38.55,38.15,41.47
1/22/2016,191.49,39.01,38.95,41.63
1/21/2016,187.62,37.97,37.72,41.17
1/20/2016,186.65,37.57,37.54,40.84
1/19/2016,188.84,38.43,38.66,40.79
1/18/2016,,,,40.62
1/15/2016,188.74,38.1,37.8,40.92
1/14/2016,192.8,39.54,39.57,41.35
1/13/2016,189.79,39.13,39.06,41.04
1/12/2016,194.52,39.9,39.92,41
1/11/2016,193.03,39.52,39.81,40.75
1/8/2016,192.83,39.46,39.98,40.25
1/7/2016,194.99,39.8805,40.58,40.64
1/6/2016,199.77,40.56,42.31,41.69
1/5/2016,202.42,41.28,43.03,42.07
1/4/2016,202,41.55,43.07,42.13
12/31/2015,204.87,42.24,44.62,43.05
12/30/2015,206.97,42.83,44.76,42.99
12/29/2015,208.51,43.1,45.3,43.38
12/28/2015,206.34,42.75,45.21,43.39
12/24/2015,206.83,42.86,45.81,43.53
12/23/2015,208.44,42.84,45.95,43.61
12/22/2015,205.85,42.09,45.28,43.36
12/21/2015,203.96,41.7,45.15,43.18
12/18/2015,202.22,41.89,45.35,43.01
12/17/2015,206.08,42.33,45.12,43.57
12/16/2015,209.17,42.91,45.69,43.45
12/15/2015,206.19,42.12,44.94,42.97
12/14/2015,204.18,41.74,44.2,41.95
12/11/2015,202.89,41.86,43.66,42.03
12/10/2015,207.01,42.6217,44.92,42.49
12/9/2015,206.49,42.73,45.21,42.45
12/8/2015,208.13,42.8199,45.62,42.3
12/7/2015,209.5,43.53,46.27,42.71
12/4/2015,210.8,43.82,46.75,43.02
12/3/2015,206.76,43.34,46.26,43.06
12/2/2015,209.74,43.49,46.56,43.44
12/1/2015,211.93,43.82,46.95,44.01
11/30/2015,209.87,43.73,46.75,43.51
11/27/2015,210.71,43.59,46.26,44.22
11/26/2015,,,,44.41
11/25/2015,210.53,43.39,47.48,44.15
11/24/2015,210.52,43.12,47.64,44.75
11/23/2015,210.22,43.2,47.63,44.96
11/20/2015,210.62,43.51,48.02,45.08
11/19/2015,209.67,43.84,47.3,44.8
11/18/2015,209.87,43.61,47.21,44.63
11/17/2015,206.55,43,46.75,44.33
11/16/2015,206.82,43.02,46.99,
11/13/2015,203.67,42.47,46.2,43.76
11/12/2015,205.97,42.81,46.99,44.24
11/11/2015,208.91,43.38,47.04,44.5
11/10/2015,209.72,43.07,46.96,44.51
11/9/2015,209.21,43.3,47.26,44.55
11/6/2015,211.24,43.77,48.27,45.31
11/5/2015,211.32,43.95,48.58,45.28
11/4/2015,211.58,44.15,48.35,45.46
11/3/2015,212.13,44.36,47.83,45.42
11/2/2015,211.6,44.47,47.76,
10/30/2015,209.05,43.88,47.3,44.62
10/29/2015,210,44.21,47.45,44.65
10/28/2015,210.11,44.26,47.96,44.77
10/27/2015,207.78,43.98,48.53,44.69
10/26/2015,208.18,44.42,48.9,45.05
10/23/2015,208.66,44.72,49.89,45
10/22/2015,206.34,44.23,49.01,44.64
10/21/2015,203,43.83,47.89,44.43
10/20/2015,204.19,44.08,48.5,44.65
10/19/2015,204.49,44.06,48.49,44.52
10/16/2015,204.33,44.27,48.92,44.36
10/15/2015,203.43,44.32,48.82,44.09
10/14/2015,200.36,43.68,47.11,44.09
10/13/2015,201.37,43.53,47.04,44.32
10/12/2015,202.68,44.01,47.61,44.31
10/9/2015,202.5,44.17,47.54,44.38
10/8/2015,202.35,44.16,47.86,44.1
10/7/2015,200.51,43.7,47.51,43.84
10/6/2015,198.87,43.5,45.84,43.56
10/5/2015,199.62,43.12,46.46,43.57
10/2/2015,196.07,42.48,45.84,42.75
10/1/2015,193.24,41.7,44.11,42.7
9/30/2015,192.71,41.64,43.81,42.62
9/29/2015,189.04,40.98,42.72,42.14
9/28/2015,189.01,40.8101,42.63,41.94
9/25/2015,193.85,41.59,43.66,42.44
9/24/2015,195.06,41.38,43.85,42.72
9/23/2015,195.76,41.39,44.07,43.18
9/22/2015,196.09,41.57,44.8,43.37
9/21/2015,198.59,42.9,45.54,43.62
9/18/2015,197.55,42.87,44.75,43.54
9/17/2015,200.9,44.2091,45.66,43.77
9/16/2015,201.41,43.82,46.31,
9/15/2015,199.62,43.2,44.97,43.26
9/14/2015,197.15,42.93,44.45,42.81
9/11/2015,197.92,43.58,44.9,42.8
9/10/2015,196.96,43.47,44.58,42.9
9/9/2015,195.91,42.99,44.4,42.77
9/8/2015,198.67,43.1505,44.41,43.11
9/7/2015,,,,42.77
9/4/2015,193.66,42.06,41.67,42.78
9/3/2015,196.71,42.99,42.86,43.3
9/2/2015,196.54,42.82,42.61,42.99
9/1/2015,192.73,42.12,42.07,42.92
8/31/2015,198.75,43.34,44.1,43.61
8/28/2015,200.48,43.4,44.67,43.3
8/27/2015,200.49,43.52,45.86,43.46
8/26/2015,195.68,43.25,43.74,42.34
8/25/2015,188.28,42.99,42.64,42.06
8/24/2015,190.52,42.26,41.38,41.59
8/21/2015,198.81,43.26,44.57,42.3
8/20/2015,205.12,44.29,45.97,43.11
8/19/2015,209.57,45.35,47.38,43.49
8/18/2015,211.27,45.63,48.43,43.92
8/17/2015,211.87,45.87,49.51,44.01
8/14/2015,210.63,46.1,49.73,43.78
8/13/2015,209.91,46,49.54,43.91
8/12/2015,210.12,46.06,49.35,44.11
8/11/2015,209.92,46.34,50.32,44.45
8/10/2015,211.83,46.94,50.95,45.37
8/7/2015,209.18,46.33,49.81,44.9
8/6/2015,209.69,46.47,49.3,44.97
8/5/2015,211.39,46.632,49.86,44.97
8/4/2015,210.6,46.32,49.5,45.21
8/3/2015,211.04,46.38,49.26,44.92
7/31/2015,211.76,46.43,50.04,44.75
7/30/2015,212.06,46.06,50.13,44.39
7/29/2015,211.99,46.27,50.82,44.47
7/28/2015,210.58,46.12,50.14,44.24
7/27/2015,207.99,45.43,49.27,43.78
7/24/2015,209.25,45.8,51.56,44.33
7/23/2015,211.47,46.325,52.14,44.92
7/22/2015,212.62,46.53,52.15,44.73
7/21/2015,213.03,46.745,52.82,45.47
7/20/2015,213.86,46.93,52.53,45.64
7/17/2015,213.78,46.72,52.76,45.4
7/16/2015,213.55,46.94,52.27,45.43
7/15/2015,211.89,46.52,51.28,45.18
7/14/2015,211.97,46.66,52.51,45.2
7/13/2015,211.09,46.35,52.55,45
7/10/2015,208.79,46.1701,52.28,44.94
7/9/2015,206.16,44.5,49.72,44.57
7/8/2015,205.79,43.81,47.34,44.52
7/7/2015,209.32,44.34,50.72,45.03
7/6/2015,208.04,44.43,52.86,44.8
7/3/2015,,,,45.14
7/2/2015,208.59,45.57,55.67,45.2
7/1/2015,208.84,45.6,55.64,44.96
6/30/2015,207.22,45.32,56.04,45.04
6/29/2015,206.73,45.49,54.82,44.69
6/26/2015,211.17,47.15,56.42,45.58
6/25/2015,211.11,47.04,57.92,45.41
6/24/2015,211.78,48.04,59.44,45.46
6/23/2015,214.47,48.41,59.34,45.52
6/22/2015,214.37,48.39,57.95,45.3
6/19/2015,212.85,47.44,57.26,45.04
6/18/2015,214.12,47.59,57.81,45.18
6/17/2015,211.99,46.98,57.53,44.83
6/16/2015,211.7,47.07,57.26,44.75
6/15/2015,210.53,46.99,58.04,44.44
6/12/2015,211.41,47.4,59.63,44.72
6/11/2015,213.03,47.85,59.14,44.65
6/10/2015,212.31,47.89,58.77,44.6
6/9/2015,209.82,46.85,59.21,44.56
6/8/2015,209.89,46.82,60.07,44.58
6/5/2015,211.19,46.94,59.94,44.6
6/4/2015,211.66,47.48,60.35,44.6
6/3/2015,213.38,48.13,60.89,44.77
6/2/2015,212.78,47.68,60.41,44.95
6/1/2015,212.95,47.2429,60.51,44.81
5/29/2015,212.58,47.69,59.85,44.76
5/28/2015,213.88,48.33,60.77,44.86
5/27/2015,214.16,48.23,63,44.71
5/26/2015,212.13,47.65,63.06,44.44
5/25/2015,,,,45.01
5/22/2015,214.46,48.42,62.8,44.99
5/21/2015,214.91,49.05,61.04,45.25
5/20/2015,214.29,48.77,61.29,45.41
5/19/2015,214.5,48.58,61.75,45.44
5/18/2015,214.54,48.67,61.09,45.54
5/15/2015,213.91,49.065,61.79,45.47
5/14/2015,213.69,49,60.75,45.42
5/13/2015,211.43,48.24,60.32,45.18
5/12/2015,211.35,48.03,60.87,45.07
5/11/2015,212,48.11,61.18,45.31
5/8/2015,213.03,48.25,61.58,45.23
5/7/2015,210.29,47.23,60.18,44.87
5/6/2015,209.47,47.25,60.51,44.96
5/5/2015,210.34,47.05,61.84,45.18
5/4/2015,212.8,47.73,63.78,45.34
5/1/2015,212.12,47.75,63.26,
4/30/2015,209.85,47.55,62.68,44.63
4/29/2015,211.99,47.56,63.59,45.02
4/28/2015,212.82,47.91,64.43,45.37
4/27/2015,212.24,47.88,64.4,45.52
4/24/2015,213.08,47.58,63.54,45.92
4/23/2015,212.61,47.405,63.53,45.53
4/22/2015,212.08,47.1,64.07,45.29
4/21/2015,211.06,47.17,62.89,45.33
4/20/2015,211.28,46.82,61.56,45.1
4/17/2015,209.36,46.7095,61.22,45.03
4/16/2015,211.81,47.34,63.44,45.49
4/15/2015,211.91,47.2,62.47,45.28
4/14/2015,210.83,47.0499,62.21,45.03
4/13/2015,210.46,46.55,62.77,45.02
4/10/2015,211.43,46.75,62.25,44.91
4/9/2015,210.33,46.73,62.84,44.98
4/8/2015,209.41,46.75,60.21,45.02
4/7/2015,208.66,46.63,56.75,45.04
4/6/2015,209.28,46.725,56.71,44.89
4/2/2015,207.76,46.325,56.07,
4/1/2015,207.18,45.89,55.39,44.19
3/31/2015,207.83,45.49,54.5,43.71
3/30/2015,209.62,46.24,54.79,43.93
3/27/2015,207.1,46.09,52.84,43.64
3/26/2015,206.68,46.01,52.08,43.26
3/25/2015,207.19,46.4501,52.07,43.59
3/24/2015,211.17,46.77,52.69,44.06
3/23/2015,212.5,46.88,52.9,43.95
3/20/2015,212.85,46.52,52.97,44.02
3/19/2015,210.99,45.4,52.79,44.15
3/18/2015,211.9,45.938,52.91,44.38
3/17/2015,209.43,45,52.14,43.79
3/16/2015,210.14,45.13,51.83,
3/13/2015,207.27,44.5799,50.94,44.01
3/12/2015,208.55,44.8399,50.76,44.06
3/11/2015,205.98,44.49,50.28,43.23
3/10/2015,206.4214,44.57,50,43.01
3/9/2015,209.85,45.61,51.1,43.26
3/6/2015,208.98,45.42,50.65,43.24
3/5/2015,211.93,46.3099,51.2,43.49
3/4/2015,211.71,46.16,51.48,43.28
3/3/2015,212.6,46.26,52,43.61
3/2/2015,213.56,46.64,53.3,43.94
2/27/2015,212.21,46.6699,53.06,44.19
2/26/2015,212.91,46.56,53.08,44.39
2/25/2015,213.15,46.69,52.54,43.83
2/24/2015,213.31,46.73,52.71,43.94
2/23/2015,212.67,46.46,52.09,43.71
2/20/2015,212.74,46.71,52.49,43.6
2/19/2015,211.45,46.02,52.13,43.29
2/18/2015,211.62,46.11,52.19,43.09
2/17/2015,211.66,45.91,52.37,43.3
2/16/2015,,,,42.93
2/13/2015,211.28,45.7,52.12,43.1
2/12/2015,210.33,45.69,51.81,43
2/11/2015,208.39,44.72,51.05,41.91
2/10/2015,208.29,45.02,51.1,42.63
2/9/2015,206.06,44.58,50.78,42.8
2/6/2015,206.95,44.58,51.03,42.7
2/5/2015,207.62,45.45,52.1735,42.44
2/4/2015,205.47,44.65,52.24,41.68
2/3/2015,206.2,45.25,51.83,41.53
2/2/2015,203.31,44.36,51.1,
1/30/2015,200.87,44.02,50.4,40.92
1/29/2015,203.45,44.51,51.51,41.85
1/28/2015,201.52,43.83,51.15,42.18
1/27/2015,204.16,44.49,51.9,42.65
1/26/2015,206.94,44.59,52.76,42.73
1/23/2015,206.39,43.99,52.85,42.64
1/22/2015,207.5,44.21,53.06,43.13
1/21/2015,204.5,44.05,52.18,42.5
1/20/2015,203.5,43.67,50.56,41.74
1/19/2015,,,,41.26
1/16/2015,203,43.32,50.95,41.39
1/15/2015,200.43,42.9,51.2,41.02
1/14/2015,202.33,42.6,50.9,40.97
1/13/2015,203.56,42.66,51.43,41.5
1/12/2015,204.09,42.5,50.85,41.83
1/9/2015,205.65,42.55,51.32,42.38
1/8/2015,207.4,42.71,51.49,42.41
1/7/2015,203.76,42.16,50.98,41.81
1/6/2015,201.27,41.78,49.71,41.31
1/5/2015,203.1,42.2,50.19,41.05
1/2/2015,206.73,43.5,50.26,42.09
12/31/2014,206.87,43.74,50.23,43.1
12/30/2014,209.01,44.04,49.46,43.27
12/29/2014,210.21,44.25,50.05,43.17
12/26/2014,209.85,44.7,50.08,42.97
12/24/2014,209.29,44.53,48.88,43.04
12/23/2014,210.32,44.27,49.21,43.14
12/22/2014,209.99,44.44,49.84,42.84
12/19/2014,209.01,44.315,48.91,42.55
12/18/2014,208.11,44.34,48.71,42.48
12/17/2014,203.13,43.36,48.43,40.98
12/16/2014,199.26,43.32,47.77,40.19
12/15/2014,200.82,42.82,47.95,40.29
12/12/2014,202.25,43.59,48.14,
12/11/2014,205.54,44.6,48.82,41.72
12/10/2014,204.5999,44.67,48.52,41.33
12/9/2014,207.84,45.155,48.79,42.33
12/8/2014,207.98,45.63,50.37,42.93
12/5/2014,209.44,45.93,50.89,43.21
12/4/2014,209.05,45.74,50.4,42.82
12/3/2014,209.3,45.78,49.23,43.1
12/2/2014,208.48,45.8,49.52,43.03
12/1/2014,207.18,45.919,48.52,43.4
11/28/2014,208.58,45.89,49.78,44.21
11/27/2014,,,,44.71
11/26/2014,209.04,46.22,50.33,44.7
11/25/2014,208.54,46.13,48.96,44.45
11/24/2014,208.68,45.87,49.3,44.62
11/21/2014,208.04,45.41,49.33,44.65
11/20/2014,206.92,45.1401,47.66,44.18
11/19/2014,206.6,45.4,47.95,44.12
11/18/2014,206.91,45.39,48.2,43.47
11/17/2014,205.66,44.76,48.67,
11/14/2014,205.58,44.73,50.04,43.39
11/13/2014,205.49,44.66,49.03,43.73
11/12/2014,205.36,44.55,48.73,43.74
11/11/2014,205.52,45.02,48.77,44.3
11/10/2014,205.3,44.67,48.62,44.52
11/7/2014,204.76,44.4999,48.55,44.62
11/6/2014,204.5,44.5,48.7,44.85
11/5/2014,203.73,44.66,48.79,45.11
11/4/2014,202.43,44.42,49.1,44.9
11/3/2014,203.11,44.54,48.89,45.16
10/31/2014,202.99,44.93,49.21,45
10/30/2014,200.81,44.52,48.65,44.6
10/29/2014,199.44,44.23,48.61,44.24
10/28/2014,199.67,44.72,48.46,44.07
10/27/2014,197.43,44.01,47.32,43.79
10/24/2014,197.68,44.26,47.83,43.67
10/23/2014,196.28,44.1,47.7,43.7
10/22/2014,194,43.611,47.43,43.46
10/21/2014,195.35,44.02,47.54,43.61
10/20/2014,191.58,43.27,47.39,43.23
10/17/2014,189.77,43.07,47.27,43.3
10/16/2014,187.43,42.1001,46.79,42.94
10/15/2014,187.49,42.64,46.96,43.02
10/14/2014,189,43.03,47.18,43.18
10/13/2014,188.56,43.1,47.13,43.13
10/10/2014,191.8,43.08,46.85,43.41
10/9/2014,193.9,43.61,47.76,44.11
10/8/2014,197.94,44.99,48.46,44.54
10/7/2014,194.56,44.22,47.68,44.54
10/6/2014,197.56,45.145,48.05,44.82
10/3/2014,197.82,44.775,47.12,44.66
10/2/2014,195.68,44.85,46.37,44.25
10/1/2014,195.66,45.44,46.49,44.41
9/30/2014,198.26,45.96,47.38,44.95
9/29/2014,198.78,46.07,47.3,44.9
9/26/2014,199.29,46.39,48.52,44.9
9/25/2014,197.59,46.2249,48.37,44.76
9/24/2014,200.89,46.89,49.2,45.15
9/23/2014,200.28,46.785,48.21,45
9/22/2014,201.39,47.35,48.47,45.28
9/19/2014,202.87,47.4,49.35,45.75
9/18/2014,203.11,47.75,49.85,46.19
9/17/2014,202.05,47.36,49.87,46.05
9/16/2014,201.8,47.5,50.2,
9/15/2014,200.26,47.27,49.83,45.88
9/12/2014,200.48,47.42,50.49,45.81
9/11/2014,201.62,47.42,50.82,45.65
9/10/2014,201.43,47.58,51.06,45.88
9/9/2014,200.67,47.39,51.72,45.91
9/8/2014,201.93,47.47,52.13,46.38
9/5/2014,202.43,48.1,52.42,46.26
9/4/2014,201.51,48,51.97,46.3
9/3/2014,201.85,48.19,51.93,46.03
9/2/2014,201.88,47.91,50.44,45.84
9/1/2014,,,,45.48
8/29/2014,201.96,47.93,50.13,45.64
8/28/2014,201.42,47.9,50.08,45.47
8/27/2014,201.61,48.19,50.79,45.59
8/26/2014,201.65,48.05,51.06,45.44
8/25/2014,201.5,47.95,51.05,45.47
8/22/2014,200.46,47.42,50.66,45.34
8/21/2014,200.75,47.81,50.63,45.39
8/20/2014,200.24,47.53,51.18,45.22
8/19/2014,199.71,47.6999,51.3,44.97
8/18/2014,198.62,47.62,51.21,44.84
8/15/2014,197.02,47.15,50.9,44.61
8/14/2014,196.95,47.25,50.92,44.77
8/13/2014,196.11,46.93,51.4,44.72
8/12/2014,194.8,46.78,50.89,44.72
8/11/2014,195.08,46.92,50.8,44.68
8/8/2014,194.47,46.53,50.25,44.08
8/7/2014,192.25,46.31,49.42,44.13
8/6/2014,193.27,46.86,49.75,44.46
8/5/2014,193.2,46.975,49.96,44.46
8/4/2014,195.12,47.4,50.48,44.57
8/1/2014,193.74,47.21,49.94,44
7/31/2014,194.25,47.769,49.49,43.81
7/30/2014,198.25,48.53,50.06,44.29
7/29/2014,198.19,48.72,50.43,44.49
7/28/2014,199.08,48.6744,50.57,44.55
7/25/2014,199.01,48.86,49.77,44.42
7/24/2014,199.89,49.1925,49.78,44.44
7/23/2014,199.9,49.02,49.31,44.18
7/22/2014,199.51,48.8201,48.81,44.24
7/21/2014,198.57,48.79,47.91,44.15
7/18/2014,198.94,48.79,47.89,44.26
7/17/2014,197,48.5192,47.57,43.91
7/16/2014,199.29,49.53,48.27,44
7/15/2014,198.49,48.76,47.97,43.97
7/14/2014,198.85,49.05,47.96,43.93
7/11/2014,197.9,48.6211,47.42,43.46
7/10/2014,197.56,48.58,47.21,43.45
7/9/2014,198.45,49.153,47.5,43.66
7/8/2014,197.57,49.1499,47.67,43.37
7/7/2014,198.85,49.82,47.94,43.48
7/4/2014,,,,43.58
7/3/2014,199.51,50.41,47.81,43.64
7/2/2014,198.49,50.178,47.34,43.25
7/1/2014,198.3,50.13,46.7,42.84
6/30/2014,197,49.66,46.37,42.71
6/27/2014,197.26,49.36,46.45,42.46
6/26/2014,196.66,49.43,46.33,42.59
6/25/2014,196.8,49.6,45.86,42.85
6/24/2014,196,49.82,46.24,42.86
6/23/2014,198.1,50.24,46.41,42.92
6/20/2014,198.06,50.35,46.98,42.86
6/19/2014,197.69,50.508,47.05,42.98
6/18/2014,197.53,50.43,47.47,42.8
6/17/2014,196,49.67,47.24,42.6
6/16/2014,195.54,49.67,47.24,42.58
6/13/2014,195.36,49.91,47.37,42.51
6/12/2014,194.73,49.9499,46.79,42.59
6/11/2014,196.17,,46.81,42.92
6/10/2014,196.8,,47.14,43.02
6/9/2014,196.84,,46.81,42.99
6/6/2014,196.62,,46.39,42.78
6/5/2014,195.63,,46.6,42.16
6/4/2014,194.34,,46.24,41.93
6/3/2014,193.99,,46.66,42.11
6/2/2014,194.11,,46.22,41.92
5/30/2014,193.87,,45.86,41.39
5/29/2014,193.53,,45.86,41.99
5/28/2014,192.56,,45.9,41.97
5/27/2014,192.73,,45.59,41.95
5/26/2014,,,,41.99
5/23/2014,191.55,,45.81,41.89
5/22/2014,190.74,,45.76,41.97
5/21/2014,190.26,,45.26,41.82
5/20/2014,188.68,,44.75,41.78
5/19/2014,189.87,,44.94,41.86
5/16/2014,189.24,,45.08,41.9
5/15/2014,188.55,,44.74,41.56
5/14/2014,190.19,,44.88,42.11
5/13/2014,191.14,,44.45,42.25
5/12/2014,190.88,,44.26,42.11
5/9/2014,189.21,,43.29,41.65
5/8/2014,188.87,,43.35,41.63
5/7/2014,188.99,,43.59,41.83
5/6/2014,187.96,,43.73,41.48
5/5/2014,189.6,,43.72,41.06
5/2/2014,189.26,,44.12,40.94
5/1/2014,189.42,,43.91,
4/30/2014,189.54,,43.84,40.68
4/29/2014,188.87,,44.16,40.7
4/28/2014,188.07,,43.6,40.12
4/25/2014,187.45,,44.06,40.19
4/24/2014,189.02,,44.45,40.4
4/23/2014,188.62,,44.46,40.28
4/22/2014,189.01,,44.89,40.47
4/21/2014,188.22,,45.14,40.66
4/17/2014,187.54,,45.43,
4/16/2014,187.25,,45.29,40.88
4/15/2014,185.36,,44.74,40.48
4/14/2014,184.03,,45.88,40.53
4/11/2014,182.6,,45.89,40.36
4/10/2014,184.23,,46.4,40.44
4/9/2014,188.24,,46.3,40.94
4/8/2014,186.24,,45.68,40.91
4/7/2014,185.41,,45.13,40.57
4/4/2014,187.56,,44.99,40.59
4/3/2014,189.81,,45.37,40.52
4/2/2014,189.99,,45.47,40.9
4/1/2014,189.38,,45.35,40.45
3/31/2014,188.14,,44.99,40.44
3/28/2014,186.56,,44.93,40.04
3/27/2014,185.77,,44.12,39.89
3/26/2014,186.09,,43.9,39.75
3/25/2014,187.49,,44.01,39.78
3/24/2014,187.4,,43.7,39.83
3/21/2014,188.19,,43.37,40.03
3/20/2014,188.9,,42.41,39.56
3/19/2014,187.8,,42.6,38.79
3/18/2014,188.84,,43.2,38.82
3/17/2014,187.46,,42.52,
3/14/2014,185.76,,42.42,37.93
3/13/2014,186.27,,42.48,38.02
3/12/2014,188.399,,43.45,38.63
3/11/2014,188.38,,43.6,38.69
3/10/2014,189.32,,44.17,38.67
3/7/2014,189.4,,44.8,38.9
3/6/2014,189.28,,45.37,39.16
3/5/2014,188.74,,44.88,39.03
3/4/2014,188.82,,45.32,39.07
3/3/2014,186.09,,44.81,38.52
2/28/2014,187.34,,45.27,38.78
2/27/2014,186.94,,45.45,38.95
2/26/2014,185.95,,44.3,38.6
2/25/2014,185.95,,44.1,39.01
2/24/2014,185.86,,44.87,39.79
2/21/2014,185.08,,45.36,39.7
2/20/2014,185.18,,45.27,39.68
2/19/2014,184.14,,45.48,39.99
2/18/2014,185.37,,45.35,40.45
2/17/2014,,,,40.7
2/14/2014,185.09,,45.42,40.7
2/13/2014,184.11,,45.06,40.3
2/12/2014,183.22,,44.75,40.67
2/11/2014,183.07,,44.8,40.78
2/10/2014,181.07,,43.48,40.1
2/7/2014,180.82,,43.77,40.49
2/6/2014,178.49,,43.49,40.31
2/5/2014,176.14,,42.85,39.9
2/4/2014,176.37,,43.34,40.06
2/3/2014,175.17,,42.77,
1/31/2014,179.17,,43.91,40.86
1/30/2014,180.3,,43.93,41
1/29/2014,178.38,,43.83,40.69
1/28/2014,180.12,,43.98,40.65
1/27/2014,178.96,,43.535,40.85
1/24/2014,179.9,,43.68,40.95
1/23/2014,183.87,,44.98,41.51
1/22/2014,185.39,,46.6,42.04
1/21/2014,185.26,,45.71,41.85
1/20/2014,,,,41.96
1/17/2014,184.75,,45.76,41.91
1/16/2014,185.46,,45.76,42.16
1/15/2014,185.78,,46.04,42.55
1/14/2014,184.73,,46.13,42.41
1/13/2014,182.78,,45.5,42.15
1/10/2014,185.23,,46.3,42.43
1/9/2014,184.75,,45.52,41.61
1/8/2014,184.66,,46.15,41.5
1/7/2014,184.56,,45.67,41.78
1/6/2014,183.43,,45.65,41.51
1/3/2014,183.93,,46.35,42.07
1/2/2014,184.01,,46.8,42.18
12/31/2013,185.65,,48.22,42.68
12/30/2013,184.88,,47.71,42.94
12/27/2013,184.97,,47.9,42.75
12/26/2013,185.01,,47.15,42.56
12/24/2013,184.12,,47.51,42.61
12/23/2013,183.59,,46.77,42.51
12/20/2013,183.53,,46.82,42.22
12/19/2013,182.56,,47.13,42.18
12/18/2013,182.67,,48.09,42.07
12/17/2013,179.56,,47.51,41.73
12/16/2013,180.17,,48.14,42.05
12/13/2013,179.1,,48.18,41.87
12/12/2013,179.17,,47.85,
12/11/2013,179.72,,48.22,42.29
12/10/2013,181.83,,49.64,42.47
12/9/2013,182.39,,49.69,42.28
12/6/2013,181.99,,49.96,41.92
12/5/2013,179.99,,49.01,41.91
12/4/2013,180.67,,49.26,42.05
12/3/2013,180.88,,48.94,41.91
12/2/2013,181.57,,49.2,42.15
11/29/2013,181.96,,49.88,42.42
11/28/2013,,,,42.15
11/27/2013,182.14,,49.87,41.84
11/26/2013,181.69,,48.91,40.99
11/25/2013,181.66,,48.48,40.96
11/22/2013,181.84,,49.35,41.17
11/21/2013,180.9,,49.04,40.97
11/20/2013,179.51,,48.85,40.74
11/19/2013,180.08,,49.35,40.66
11/18/2013,180.52,,49.47,
11/15/2013,181.12,,48.18,41.04
11/14/2013,180.35,,46.35,40.33
11/13/2013,179.28,,45.84,39.73
11/12/2013,177.9,,46.08,39.56
11/11/2013,178.3,,46.4,39.7
11/8/2013,178.3,,46.14,39.85
11/7/2013,175.91,,46.05,40
11/6/2013,178.16,,46.8,40.26
11/5/2013,177.31,,46.87,40.27
11/4/2013,177.81,,47.36,41
11/1/2013,177.21,,47.27,41.07
10/31/2013,176.69,,46.95,41
10/30/2013,177.37,,46.88,40.99
10/29/2013,178.24,,46.41,41.24
10/28/2013,177.19,,45.96,41.14
10/25/2013,176.99,,45.88,40.66
10/24/2013,176.2,,45.88,40.22
10/23/2013,175.62,,46.39,40.52
10/22/2013,176.3,,47.82,40.8
10/21/2013,175.36,,47.85,40.33
10/18/2013,175.33,,47.65,40.38
10/17/2013,174.15,,47.54,40.18
10/16/2013,173.04,,47.67,40.34
10/15/2013,170.58,,47.47,40.2
10/14/2013,171.97,,48.08,40.86
10/11/2013,171.2,,47.86,40.98
10/10/2013,170.14,,47.62,40.48
10/9/2013,166.49,,46.96,39.87
10/8/2013,166.42,,46.69,39.91
10/7/2013,168.34,,46.78,40.45
10/4/2013,169.79,,47.26,40.92
10/3/2013,168.55,,46.61,40.82
10/2/2013,170.01,,46.78,41.3
10/1/2013,170.27,,46.68,41.37
9/30/2013,168.9,,46.05,40.16
9/27/2013,169.85,,46.6,40.93
9/26/2013,170.58,,46.8,41.38
9/25/2013,170.05,,46.85,41.75
9/24/2013,170.54,,47.1,41.21
9/23/2013,171.75,,47.64,41.27
9/20/2013,172.47,,47.24,41.2
9/19/2013,173.78,,47.79,41.7
9/18/2013,174.01,,48.16,41.93
9/17/2013,171.99,,47.19,41.06
9/16/2013,171.3,,47.42,
9/13/2013,170.18,,47.1,41.06
9/12/2013,169.94,,46.8,40.75
9/11/2013,170.29,,47.35,41.58
9/10/2013,169.72,,47.8,41.74
9/9/2013,168.55,,47.16,40.98
9/6/2013,166.89,,46.11,39.9
9/5/2013,166.76,,45.9,39.66
9/4/2013,166.59,,45.4,39.75
9/3/2013,165.22,,44.73,39.55
9/2/2013,,,,40.05
8/30/2013,164.4,,43.71,39.37
8/29/2013,165.04,,43.48,39.16
8/28/2013,164.75,,43.39,39.26
8/27/2013,164.19,,43.42,39.66
8/26/2013,166.88,,44.07,40.41
8/23/2013,167.54,,44.18,40.92
8/22/2013,166.91,,44.22,40.98
8/21/2013,165.41,,43.16,41.41
8/20/2013,166.44,,43.95,41.77
8/19/2013,165.65,,44.45,41.44
8/16/2013,166.72,,44.66,42.02
8/15/2013,167.23,,44.76,42.16
8/14/2013,169.67,,45.17,42.44
8/13/2013,170.58,,45.06,42.29
8/12/2013,169.97,,44.43,42.09
8/9/2013,170.23,,43.22,42.68
8/8/2013,170.7,,43.03,42.73
8/7/2013,170.11,,42.31,42.26
8/6/2013,170.78,,42.98,41.9
8/5/2013,171.69,,43.25,41.93
8/2/2013,171.86,,43.66,42.07
8/1/2013,171.55,,43.56,41.94
7/31/2013,169.55,,42.56,40.8
7/30/2013,169.49,,42.73,40.27
7/29/2013,169.52,,42.71,40.42
7/26/2013,170.02,,43.28,41.1
7/25/2013,169.79,,43.2,40.9
7/24/2013,169.47,,42.84,40.89
7/23/2013,170.07,,43.19,40.72
7/22/2013,170.42,,42.13,40.14
7/19/2013,170.15,,42,39.91
7/18/2013,169.76,,41.9,40.2
7/17/2013,168.8,,42.16,40.24
7/16/2013,168.44,,42.11,39.64
7/15/2013,169.15,,41.9,40.29
7/12/2013,168.4,,41.47,40.29
7/11/2013,168.46,,42.33,40.48
7/10/2013,166.06,,40.27,39.98
7/9/2013,165.99,,40.35,40.21
7/8/2013,164.81,,40.19,40.12
7/5/2013,163.91,,39.99,40.63
7/4/2013,,,,41.25
7/3/2013,162.12,,39.83,40.81
7/2/2013,161.95,,40.17,40.85
7/1/2013,162.21,,40.74,41.2
6/28/2013,160.88,,40.86,40.58
6/27/2013,161.91,,40.61,39.65
6/26/2013,160.97,,41.09,38.74
6/25/2013,160.2114,,40.22,37.94
6/24/2013,158.64,,39.61,37.54
6/21/2013,160.7,,40.59,37.99
6/20/2013,160.209,,40.12,37.45
6/19/2013,164.39,,41.73,38.97
6/18/2013,166.57,,42.94,39.44
6/17/2013,165.36,,42.92,39.6
6/14/2013,164.02,,42.24,39.26
6/13/2013,165.07,,43.38,39.49
6/12/2013,162.6,,42.91,39.49
6/11/2013,163.97,,43.04,39.89
6/10/2013,165.6,,43.73,40.74
6/7/2013,165.62,,44.22,40.28
6/6/2013,163.52,,44.56,40.58
6/5/2013,162.04,,44.21,40.2
6/4/2013,164.42,,44.83,40.79
6/3/2013,165.17,,45.34,41.1
5/31/2013,164.3,,44.76,41.56
5/30/2013,166.7,,45.61,41.02
5/29/2013,166.04,,45.47,40.79
5/28/2013,167.17,,46,40.71
5/27/2013,,,,40.2
5/24/2013,166.15,,45.22,40.52
5/23/2013,166.3,,45.98,40.51
5/22/2013,166.79,,46.24,40.13
5/21/2013,168.05,,47.07,40.56
5/20/2013,167.84,,47.24,41.1
5/17/2013,167.8,,46.78,41.78
5/16/2013,166.17,,46.28,41.79
5/15/2013,166.97,,46.54,41.89
5/14/2013,166.13,,46.49,41.9
5/13/2013,164.37,,46.44,41.79
5/10/2013,164.23,,47.14,41.73
5/9/2013,163.72,,46.94,41.71
5/8/2013,164.16,,47.37,42.13
5/7/2013,163.39,,46.93,42.39
5/6/2013,162.56,,46.41,42.21
5/3/2013,162.13,,46.26,42.57
5/2/2013,160.54,,45.81,42.09
5/1/2013,159.1,,45.53,
4/30/2013,160.45,,46.19,42.26
4/29/2013,160.1,,45.79,41.89
4/26/2013,159,,45.23,41.93
4/25/2013,159.34,,45.53,42.52
4/24/2013,158.59,,45.05,42.29
4/23/2013,158.6,,44.65,43.07
4/22/2013,157,,44.82,42.89
4/19/2013,156.17,,44.4,42.76
4/18/2013,154.92,,43.15,42.49
4/17/2013,155.82,,42.99,42.6
4/16/2013,158.2,,43.8,43.23
4/15/2013,155.925,,43.01,43
4/12/2013,159.58,,44.28,44
4/11/2013,160,,44.68,44.4
4/10/2013,159.48,,44.86,44.41
4/9/2013,157.51,,44.52,43.99
4/8/2013,156.93,,43.87,43.42
4/5/2013,155.97,,43.82,43.25
4/4/2013,156.64,,44.24,43.55
4/3/2013,156.04,,44.2,43.68
4/2/2013,157.58,,44.86,44.1
4/1/2013,156.84,,44.8,43.94
3/28/2013,157.36,,45.31,
3/27/2013,156.9,,45.72,44.09
3/26/2013,157.01,,45.65,43.66
3/25/2013,155.82,,45.08,42.88
3/22/2013,157.08,,45.38,42.68
3/21/2013,155.86,,45.19,42.53
3/20/2013,157.16,,45.66,42.5
3/19/2013,156.16,,44.58,42.07
3/18/2013,156.42,,44.93,
3/15/2013,157.37,,45.74,42.65
3/14/2013,157.55,,46.28,43.36
3/13/2013,156.67,,45.6,43.28
3/12/2013,156.45,,46.43,43.97
3/11/2013,156.82,,47.22,44.02
3/8/2013,156.28,,47.78,44.29
3/7/2013,155.62,,47.22,43.96
3/6/2013,155.35,,47.06,44.15
3/5/2013,155.03,,46.86,43.99
3/4/2013,153.64,,46.46,43.87
3/1/2013,152.88,,47.17,43.97
2/28/2013,152.5,,47.36,44.08
2/27/2013,152.63,,47.02,43.79
2/26/2013,150.79,,46.41,43.52
2/25/2013,149.77,,46.37,43.51
2/22/2013,152.63,,47.11,43.87
2/21/2013,151.18,,47.06,44.12
2/20/2013,152.06,,47.76,44.32
2/19/2013,154,,48.2,44.64
2/18/2013,,,,44.16
2/15/2013,152.95,,49.07,44.18
2/14/2013,153.12,,48.91,43.85
2/13/2013,152.94,,48.88,44.1
2/12/2013,152.84,,48.55,44.86
2/11/2013,152.5,,48.52,45.09
2/8/2013,152.55,,48.57,45.07
2/7/2013,151.78,,47.97,45.03
2/6/2013,151.96,,48.81,45.55
2/5/2013,151.76,,48.89,45.66
2/4/2013,150.37,,48.69,
2/1/2013,152.03,,49.93,45.77
1/31/2013,150.46,,49.58,45.31
1/30/2013,150.86,,49.79,45.76
1/29/2013,151.42,,49.76,45.95
1/28/2013,150.92,,48.99,45.88
1/25/2013,150.92,,49.15,45.52
1/24/2013,150.18,,49.68,45.4
1/23/2013,150.14,,49.64,45.43
1/22/2013,149.86,,49.87,45.32
1/21/2013,,,,45.23
1/18/2013,149.13,,49.79,45.2
1/17/2013,148.74,,49.6,44.92
1/16/2013,147.74,,49.45,44.85
1/15/2013,147.8,,49.36,44.77
1/14/2013,147.74,,49.36,44.84
1/11/2013,147.87,,49.25,44.86
1/10/2013,147.8,,49.81,44.85
1/9/2013,146.69,,49.23,44.83
1/8/2013,146.3,,48.81,44.54
1/7/2013,146.7,,49.5,44.61
1/4/2013,147.16,,49.75,44.52
1/3/2013,146.44,,49.7754,44.34
1/2/2013,146.63,,49.99,44.29
12/31/2012,143.14,,48.5,43.69
12/28/2012,140.64,,47.57,43.66
12/27/2012,142.25,,47.54,43.45
12/26/2012,142.39,,47.55,43.49
12/24/2012,143.06,,47.1,43.5
12/21/2012,143.51,,47.22,43.62
12/20/2012,144.83,,47.8171,43.63
12/19/2012,144.03,,47.37,43.65
12/18/2012,146.05,,47.43,43.82
12/17/2012,144.34,,47.36,43.31
12/14/2012,142.76,,47.26,43.05
12/13/2012,143.26,,46.59,43
12/12/2012,144.16,,47.05,
12/11/2012,143.96,,46.94,43.13
12/10/2012,143.13,,46.95,43.11
12/7/2012,143,,46.51,42.8
12/6/2012,142.5,,46.47,42.61
12/5/2012,142.06,,46.33,42.41
12/4/2012,141.8,,45.16,42.38
12/3/2012,142.04,,44.93,42.38
11/30/2012,142.71,,45.28,41.96
11/29/2012,142.71,,45.12,42.11
11/28/2012,142.01,,45,41.92
11/27/2012,140.93,,44.83,41.77
11/26/2012,141.78,,45.3464,41.89
11/23/2012,141.83,,45.46,41.94
11/22/2012,,,,42.05
11/21/2012,140.08,,44.525,41.64
11/20/2012,139.79,,44.17,41.17
11/19/2012,139.74,,44.59,
11/16/2012,136.84,,43.5996,40.83
11/15/2012,136.28,,43.63,40.58
11/14/2012,136.58,,43.68,40.73
11/13/2012,138.32,,44.05,41.09
11/12/2012,138.87,,44.73,40.88
11/9/2012,138.6,,44.45,40.66
11/8/2012,138.58,,44.4,40.81
11/7/2012,140.25,,45.17,41.01
11/6/2012,143.51,,46.19,41.71
11/5/2012,142.41,,45.97,41.72
11/2/2012,142.1,,45.46,
11/1/2012,143.46,,45.68,41.78
10/31/2012,141.48,,44.36,41.59
10/30/2012,,,,41.55
10/29/2012,,,,41.74
10/26/2012,141.93,,44.32,41.84
10/25/2012,142.02,,44.85,41.84
10/24/2012,141.59,,44.59,42.08
10/23/2012,141.95,,44.15,42.03
10/22/2012,144.02,,44.94,42.09
10/19/2012,143.86,,44.31,42.4
10/18/2012,146.47,,44.63,42.62
10/17/2012,146.78,,44.62,42.55
10/16/2012,146.2,,44.09,42.53
10/15/2012,144.6,,43.68,42.01
10/12/2012,143.41,,43.52,41.68
10/11/2012,144.02,,43.32,41.74
10/10/2012,143.93,,42.51,41.47
10/9/2012,144.84,,42.25,41.82
10/8/2012,146.22,,42.46,41.79
10/5/2012,146.7,,42.91,41.94
10/4/2012,146.81,,42.7,41.41
10/3/2012,145.66,,42.33,41
10/2/2012,145.13,,42.38,41.18
10/1/2012,144.92,,42.36,41.13
9/28/2012,144.4,,42,40.84
9/27/2012,145.31,,42.11,40.75
9/26/2012,143.93,,41.08,40.34
9/25/2012,144.76,,41.44,40.21
9/24/2012,147.02,,42,40.55
9/21/2012,147.17,,42.03,40.37
9/20/2012,147.33,,41.74,40.5
9/19/2012,147.39,,42.25,40.96
9/18/2012,147.28,,41.81,40.61
9/17/2012,147.42,,41.97,40.62
9/14/2012,147.88,,42.51,40.69
9/13/2012,147.33,,41.97,40.69
9/12/2012,145.04,,40.97,40.26
9/11/2012,144.46,,40.61,40.02
9/10/2012,144.1,,40.26,40
9/7/2012,145,,40.72,40.08
9/6/2012,144.35,,39.76,40
9/5/2012,141.48,,38.92,39.56
9/4/2012,141.28,,39.36,39.64
9/3/2012,,,,39.75
8/31/2012,141.88,,39.75,39.47
8/30/2012,141.08,,39.58,39.91
8/29/2012,142.1,,40.24,39.94
8/28/2012,141.96,,40.32,39.96
8/27/2012,142.11,,40.38,39.96
8/24/2012,142.17,,40.85,40.19
8/23/2012,141.26,,41.03,39.82
8/22/2012,142.4,,41.14,40.02
8/21/2012,142.37,,41.26,40.09
8/20/2012,142.83,,41.4,40.34
8/17/2012,142.79,,41.41,40.56
8/16/2012,142.56,,41.37,40.7
8/15/2012,141.56,,41.51,40.79
8/14/2012,141.4,,41.5701,40.64
8/13/2012,141.32,,41.54,40.37
8/10/2012,141.38,,41.9,40.84
8/9/2012,141.2,,41.98,40.71
8/8/2012,141.11,,41.77,40.86
8/7/2012,140.91,,41.88,41.06
8/6/2012,140.2,,41.61,41.08
8/3/2012,139.87,,41.43,41.01
8/2/2012,137.2,,40.46,40.77
8/1/2012,138.16,,40.92,40.79
7/31/2012,138.45,,40.75,40.66
7/30/2012,139.24,,40.51,41.31
7/27/2012,139.33,,40.87,41.47
7/26/2012,136.67,,39.78,41
7/25/2012,134.49,,39.03,40.48
7/24/2012,134.54,,39.16,40.69
7/23/2012,135.67,,39.3899,40.95
7/20/2012,137.01,,39.89,40.81
7/19/2012,138.29,,40.6,40.76
7/18/2012,138.01,,40.11,40.75
7/17/2012,136.9,,40.42,41.29
7/16/2012,135.98,,39.72,40.9
7/13/2012,136.3,,39.79,40.49
7/12/2012,134.02,,39.29,40.24
7/11/2012,134.64,,39.86,40.18
7/10/2012,134.69,,39.53,40.04
7/9/2012,135.84,,40.1804,39.95
7/6/2012,135.95,,40.71,39.78
7/5/2012,137.34,,41.37,40.04
7/4/2012,,,,40.33
7/3/2012,137.97,,41.59,40.43
7/2/2012,137.04,,40.96,40.11
6/29/2012,136.75,,40.91,40.19
6/28/2012,133.39,,39.5,39.64
6/27/2012,133.71,,39.95,39.51
6/26/2012,132.46,,39.25,39.37
6/25/2012,131.78,,38.9,39.12
6/22/2012,133.96,,39.77,39.07
6/21/2012,133.02,,39.64,38.57
6/20/2012,135.99,,42.219,38.93
6/19/2012,136.27,,42.49,38.72
6/18/2012,135.51,,42.01,38.06
6/15/2012,135.2,,41.65,37.74
6/14/2012,133.92,,41.07,37.45
6/13/2012,132.57,,40.89,37.14
6/12/2012,133.47,,41.04,37.28
6/11/2012,132.54,,40.11,37.04
6/8/2012,133.52,,40.15,37.3
6/7/2012,132.53,,40.99,37.23
6/6/2012,132.36,,40.509,37.26
6/5/2012,129.33,,39.49,37.07
6/4/2012,128.6,,39.47,37.03
6/1/2012,128.76,,39.67,37.11
5/31/2012,131.85,,40.6,37.83
5/30/2012,132.19,,40.31,38.09
5/29/2012,134.15,,40.766,38.15
5/28/2012,,,,37.67
5/25/2012,132.56,,39.43,37.5
5/24/2012,132.84,,39.61,37.53
5/23/2012,132.74,,40.05,37.4
5/22/2012,132.66,,40.35,37.46
5/21/2012,132.43,,40.386,37.52
5/18/2012,130.22,,39.63,36.88
5/17/2012,131.35,,39.84,37.23
5/16/2012,133.33,,40.47,37.53
5/15/2012,133.83,,41.22,37.92
5/14/2012,134.62,,41.36,38.33
5/11/2012,136.03,,42.32,38.89
5/10/2012,136.49,,42.59,39.15
5/9/2012,136.17,,42.92,39.1
5/8/2012,136.99,,43.32,39.22
5/7/2012,137.55,,44.08,40.01
5/4/2012,137.49,,44.46,39.39
5/3/2012,139.79,,45.14,39.57
5/2/2012,140.84,,45.38,39.55
5/1/2012,141.21,,45.38,
4/30/2012,140.28,,44.85,39.43
4/27/2012,140.91,,45.009,39.29
4/26/2012,140.66,,44.949,39.23
4/25/2012,139.73,,44.35,39.07
4/24/2012,137.79,,44.05,38.84
4/23/2012,137.28,,43.96,38.95
4/20/2012,138.4,,44.98,39.32
4/19/2012,138.28,,44.48,39.42
4/18/2012,139.11,,44.66,39.34
4/17/2012,139.53,,44.7,39.36
4/16/2012,137.48,,43.99,39.03
4/13/2012,137.59,,44.45,39.05
4/12/2012,139.3,,44.8,39.35
4/11/2012,137.34,,43.31,39.15
4/10/2012,136.4,,42.8099,39.03
4/9/2012,138.69,,43.58,39.4
4/5/2012,140.3,,44.36,
4/4/2012,140.27,,43.64,39.42
4/3/2012,141.78,,44.1199,39.9
4/2/2012,142.32,,44.1,39.89
3/30/2012,141.21,,43.52,39.51
3/29/2012,140.71,,42.97,39.11
3/28/2012,141,,43.5499,38.91
3/27/2012,141.67,,44.23,38.93
3/26/2012,142.06,,44.23,38.87
3/23/2012,140.81,,43.807,38.32
3/22/2012,140.33,,43.63,38.3
3/21/2012,141.3,,44.13,38.43
3/20/2012,141.56,,44.16,38.02
3/19/2012,141.99,,45.04,
3/16/2012,141.41,,45.92,38.26
3/15/2012,141.22,,45.93,38.13
3/14/2012,140.38,,45.6,37.95
3/13/2012,140.56,,46.82,38
3/12/2012,138.07,,45.5905,37.56
3/9/2012,138.05,,45.9675,37.69
3/8/2012,137.51,,45.44,37.82
3/7/2012,136.17,,44.35,37.55
3/6/2012,135.16,,44.042,37.48
3/5/2012,137.28,,45.77,38.13
